id_especialidad,nombre,descripcion
1,Especialidad_1,Trip physical wonder peace dinner heart.
2,Especialidad_2,Southern against consider spring Congress.
3,Especialidad_3,High while special evidence my performance body tough.
4,Especialidad_4,Public technology else.
5,Especialidad_5,True officer require road foot.
6,Especialidad_6,Catch husband unit staff similar make subject someone.
7,Especialidad_7,Fine speech authority main letter.
8,Especialidad_8,Value new available kid tough his boy.
9,Especialidad_9,Air seem serious much feel my.
10,Especialidad_10,Majority game sound memory fly help dream.
11,Especialidad_11,Success successful seem worker happy situation.
12,Especialidad_12,Common city maintain when.
13,Especialidad_13,Common huge property condition.
14,Especialidad_14,Job quality consider building career race.
15,Especialidad_15,Peace policy leader go direction language number life.
16,Especialidad_16,Result opportunity go campaign.
17,Especialidad_17,Group institution close reach power including along design.
18,Especialidad_18,Participant well station weight throw need.
19,Especialidad_19,Name reflect record.
20,Especialidad_20,Summer need century work threat Republican design community.
21,Especialidad_21,Statement operation school from perhaps until.
22,Especialidad_22,In and information and look notice people.
23,Especialidad_23,Education effect night continue.
24,Especialidad_24,Instead small today option for president.
25,Especialidad_25,Easy necessary close tax wind activity particularly.
26,Especialidad_26,Investment media through resource know analysis suddenly table.
27,Especialidad_27,Population until visit could he.
28,Especialidad_28,Authority which weight big action.
29,Especialidad_29,Indeed officer sea generation.
30,Especialidad_30,Phone visit water baby toward mission money.
31,Especialidad_31,Amount crime bar brother green decide buy story.
32,Especialidad_32,Yard in believe several.
33,Especialidad_33,Letter east after organization career employee avoid.
34,Especialidad_34,Bar former our fine body dog open.
35,Especialidad_35,Nation price hot collection short bring.
36,Especialidad_36,Pressure still ball road.
37,Especialidad_37,Station conference table number better.
38,Especialidad_38,Outside and off loss outside fear.
39,Especialidad_39,Sign today stand turn leader.
40,Especialidad_40,Foreign group by.
41,Especialidad_41,Middle specific expect start building.
42,Especialidad_42,Rich similar hour today wrong join can.
43,Especialidad_43,Book couple send personal radio laugh.
44,Especialidad_44,Large by person.
45,Especialidad_45,Head direction my century make.
46,Especialidad_46,Laugh capital add right several.
47,Especialidad_47,Structure everyone give career grow.
48,Especialidad_48,For will partner partner although party.
49,Especialidad_49,Remember there discuss place.
50,Especialidad_50,Record catch much physical under.
51,Especialidad_51,Room month up economic rich much.
52,Especialidad_52,Fish senior scene difficult.
53,Especialidad_53,Factor player writer discover cost throw.
54,Especialidad_54,Want language someone any possible.
55,Especialidad_55,Exist finally agree whether second measure ever.
56,Especialidad_56,Task everything wrong note.
57,Especialidad_57,Pattern key state all young and lot collection.
58,Especialidad_58,Stand series ago child full.
59,Especialidad_59,Risk others easy animal gas some blue analysis.
60,Especialidad_60,Affect yard end or ten these either.
61,Especialidad_61,Respond natural find fire degree seven.
62,Especialidad_62,Ok while activity enjoy area.
63,Especialidad_63,Year attention game idea wear race fly.
64,Especialidad_64,Finish analysis risk cut determine mean gun section.
65,Especialidad_65,Customer federal by single money media.
66,Especialidad_66,Front positive six.
67,Especialidad_67,Draw these marriage walk.
68,Especialidad_68,Throughout none know not.
69,Especialidad_69,Commercial look matter director music be.
70,Especialidad_70,Remain focus into there onto benefit rich.
71,Especialidad_71,Project produce field case hand keep.
72,Especialidad_72,Large thought fear kid.
73,Especialidad_73,Break them market difference walk look team.
74,Especialidad_74,Local note soon fast go attention control.
75,Especialidad_75,Act movement watch lead.
76,Especialidad_76,Join approach here economic whether arrive.
77,Especialidad_77,Explain mother role and stuff create along.
78,Especialidad_78,Company add light else or spring source common.
79,Especialidad_79,Green recognize another prepare market within development.
80,Especialidad_80,System would what person decision scientist.
81,Especialidad_81,Picture drop would woman.
82,Especialidad_82,Return on base million.
83,Especialidad_83,Others prove ability whatever.
84,Especialidad_84,Read arm sing loss.
85,Especialidad_85,Seem class budget sometimes.
86,Especialidad_86,Site condition federal claim fund another turn.
87,Especialidad_87,Still wind bank surface.
88,Especialidad_88,Necessary born certain protect.
89,Especialidad_89,Change in here idea push arm.
90,Especialidad_90,Once happy kid.
91,Especialidad_91,Audience newspaper early goal goal about.
92,Especialidad_92,Education child benefit remember really resource recently.
93,Especialidad_93,Respond sit conference second policy notice.
94,Especialidad_94,Power think look job talk.
95,Especialidad_95,Ability information rather newspaper two live.
96,Especialidad_96,Worker size find leg wear.
97,Especialidad_97,Brother call measure product thus interesting.
98,Especialidad_98,Statement best several majority factor.
99,Especialidad_99,Enjoy compare PM better perform sit land.
100,Especialidad_100,Relate chair professional plant.
101,Especialidad_101,Cell every the herself able sound.
102,Especialidad_102,Side why old happen how.
103,Especialidad_103,Dog land knowledge their environment.
104,Especialidad_104,Coach key door billion.
105,Especialidad_105,Image day five take such.
106,Especialidad_106,Expert hit inside remain trial in memory part.
107,Especialidad_107,Your within industry well seem.
108,Especialidad_108,Myself maybe media provide project either.
109,Especialidad_109,Structure part say identify may respond.
110,Especialidad_110,Participant social book popular.
111,Especialidad_111,Suddenly whole still painting.
112,Especialidad_112,Back close level trial home mind skin light.
113,Especialidad_113,Establish skill could house product source.
114,Especialidad_114,Radio campaign control allow hear.
115,Especialidad_115,Me much task author nation.
116,Especialidad_116,Every hotel culture material soon TV hold.
117,Especialidad_117,Answer house around become training.
118,Especialidad_118,Beautiful get southern democratic continue season.
119,Especialidad_119,About full guy team southern why phone market.
120,Especialidad_120,Pick reflect girl strategy sometimes control.
121,Especialidad_121,Wall vote its participant live recent.
122,Especialidad_122,Theory this ability receive position would general.
123,Especialidad_123,Per picture anyone thus task tonight reality whose.
124,Especialidad_124,Beat simply wife west.
125,Especialidad_125,Leader end senior officer imagine note data miss.
126,Especialidad_126,Attention support even them less.
127,Especialidad_127,Reason hot during then.
128,Especialidad_128,Pretty artist during him clearly article edge.
129,Especialidad_129,Actually later cut move major.
130,Especialidad_130,Along stop no.
131,Especialidad_131,What all kind treat.
132,Especialidad_132,Never off according material.
133,Especialidad_133,Animal themselves big project politics idea turn.
134,Especialidad_134,West significant many anything many throw.
135,Especialidad_135,Ahead actually fly meet party.
136,Especialidad_136,Interesting report behind possible financial institution show.
137,Especialidad_137,Thus election measure light cause usually wait.
138,Especialidad_138,Professional rock myself family and investment thought necessary.
139,Especialidad_139,At move especially.
140,Especialidad_140,Machine although cold lead future same age condition.
141,Especialidad_141,Last author effort response family according situation.
142,Especialidad_142,Sure direction long.
143,Especialidad_143,Feel left partner suffer statement team others.
144,Especialidad_144,Green American think society again.
145,Especialidad_145,Weight during road sport.
146,Especialidad_146,Wait research recognize.
147,Especialidad_147,Piece program reach order possible.
148,Especialidad_148,None material color much image everyone.
149,Especialidad_149,Particularly myself people tell school focus.
150,Especialidad_150,Method sign professor recently.
151,Especialidad_151,Bar pick particularly drive in after inside.
152,Especialidad_152,Sell wall career.
153,Especialidad_153,Wait class interesting day financial.
154,Especialidad_154,Machine ask oil.
155,Especialidad_155,Magazine bit marriage money our morning.
156,Especialidad_156,Change seven peace lose energy.
157,Especialidad_157,Church turn teacher.
158,Especialidad_158,Read music add walk.
159,Especialidad_159,Relate board of.
160,Especialidad_160,Someone represent explain bit.
161,Especialidad_161,Teacher instead and relationship court lead.
162,Especialidad_162,Democratic ever name clearly medical property education stuff.
163,Especialidad_163,Agreement call establish person network crime.
164,Especialidad_164,Whatever our consider indicate.
165,Especialidad_165,Share risk window red among success again.
166,Especialidad_166,Indeed Republican outside coach once various much.
167,Especialidad_167,Fast see government reality either remember.
168,Especialidad_168,Close peace official base race speak project.
169,Especialidad_169,Ability only enjoy attorney air.
170,Especialidad_170,Media participant responsibility themselves especially.
171,Especialidad_171,Production shake today example director expert.
172,Especialidad_172,If let rock realize account send.
173,Especialidad_173,Foreign hard report gun race police.
174,Especialidad_174,Base system plan hundred think write.
175,Especialidad_175,No reduce western.
176,Especialidad_176,Night yes next car result kitchen lead particularly.
177,Especialidad_177,Every mean specific resource especially sometimes.
178,Especialidad_178,Choice she style.
179,Especialidad_179,Strategy accept will.
180,Especialidad_180,Condition anything explain choice evening per so.
181,Especialidad_181,Its her human chair floor newspaper occur.
182,Especialidad_182,Indeed girl describe hospital develop ten.
183,Especialidad_183,Threat eye tend civil indeed camera job.
184,Especialidad_184,Appear hour truth let push.
185,Especialidad_185,Lead success one voice mother gas president.
186,Especialidad_186,During red military hold west traditional.
187,Especialidad_187,Drop have campaign official.
188,Especialidad_188,Test page particular.
189,Especialidad_189,Myself have animal least listen think nor.
190,Especialidad_190,Green to nothing reveal part six number stand.
191,Especialidad_191,Career enter money sit admit family case.
192,Especialidad_192,Accept race computer discussion area.
193,Especialidad_193,Plant increase customer.
194,Especialidad_194,Sort positive officer again floor.
195,Especialidad_195,You thought little student official program investment.
196,Especialidad_196,Knowledge medical detail middle.
197,Especialidad_197,Surface enjoy process small significant including lose.
198,Especialidad_198,Back without energy know expect source left.
199,Especialidad_199,Center administration draw section skill sing.
200,Especialidad_200,Cell activity dinner form impact account.
201,Especialidad_201,Dinner question consumer indeed rise surface run.
202,Especialidad_202,War since behavior again nice.
203,Especialidad_203,Risk little quickly live media age.
204,Especialidad_204,Coach knowledge whose fear.
205,Especialidad_205,Toward still article my mission seven four.
206,Especialidad_206,Hour follow child nation.
207,Especialidad_207,Technology community budget ground political pretty land less.
208,Especialidad_208,Capital spring whatever mother our option similar mission.
209,Especialidad_209,Color cause voice summer budget still.
210,Especialidad_210,Budget political sing sit.
211,Especialidad_211,This mind occur quickly much.
212,Especialidad_212,Wife why reduce player exactly near.
213,Especialidad_213,Network within six mention.
214,Especialidad_214,Understand hit law dinner establish partner tax.
215,Especialidad_215,Keep career quickly weight too suggest might.
216,Especialidad_216,State school bad pretty part morning TV.
217,Especialidad_217,Civil hold model total wide nor.
218,Especialidad_218,Education several participant behind happy challenge let my.
219,Especialidad_219,Senior before bar life.
220,Especialidad_220,Newspaper situation respond candidate history.
221,Especialidad_221,Break strategy girl nation cut.
222,Especialidad_222,Area believe shake tough less worry.
223,Especialidad_223,Peace suggest source why speak.
224,Especialidad_224,Crime cut allow cultural woman of painting everyone.
225,Especialidad_225,Memory anything life follow.
226,Especialidad_226,Almost degree into seem affect military.
227,Especialidad_227,Door ground adult former fish moment those.
228,Especialidad_228,Rate doctor choice rate lot.
229,Especialidad_229,Spend indeed man age arrive owner.
230,Especialidad_230,Kitchen southern federal food sort his.
231,Especialidad_231,Spring between land fill hear.
232,Especialidad_232,Save radio amount toward baby.
233,Especialidad_233,Mr per place.
234,Especialidad_234,Big play moment participant suffer.
235,Especialidad_235,Today water check American.
236,Especialidad_236,Generation network meet.
237,Especialidad_237,Along member view and stand really both teacher.
238,Especialidad_238,Whole rock early own shoulder affect develop.
239,Especialidad_239,Decade serve price himself son.
240,Especialidad_240,Sell fish want might hour rest.
241,Especialidad_241,Daughter down executive region majority that.
242,Especialidad_242,Strategy can good rather believe star glass.
243,Especialidad_243,Rule thought with white age.
244,Especialidad_244,Receive institution final partner perform action.
245,Especialidad_245,Somebody require section financial democratic media trip.
246,Especialidad_246,Know officer south true now without.
247,Especialidad_247,Call risk or president report local Republican wait.
248,Especialidad_248,Hold call fly.
249,Especialidad_249,Election son situation personal.
250,Especialidad_250,People determine beautiful many own.
251,Especialidad_251,Government until with seem shoulder break sure.
252,Especialidad_252,Eight real explain part adult activity glass old.
253,Especialidad_253,Follow interest son art body operation perhaps.
254,Especialidad_254,Available arm window red.
255,Especialidad_255,Stuff treat name recently another method.
256,Especialidad_256,Investment consider themselves five ready situation.
257,Especialidad_257,Really when organization today born.
258,Especialidad_258,Scientist size movement event including now finally.
259,Especialidad_259,Public choice several we us bad.
260,Especialidad_260,Executive garden woman population.
261,Especialidad_261,Suffer what dark around join according both.
262,Especialidad_262,Thought air next wait event age.
263,Especialidad_263,Stage significant must finish modern everybody he population.
264,Especialidad_264,Single box political major husband five.
265,Especialidad_265,Create conference allow.
266,Especialidad_266,Local able represent be home admit change.
267,Especialidad_267,Protect wish last soldier.
268,Especialidad_268,Better statement degree score sort better.
269,Especialidad_269,Available theory energy evening student respond.
270,Especialidad_270,Capital industry movie board issue.
271,Especialidad_271,Forget long from decision dog soldier.
272,Especialidad_272,Agent police edge off management head.
273,Especialidad_273,Kitchen memory nice money message only.
274,Especialidad_274,Only much pressure sound.
275,Especialidad_275,What able program hour structure stuff.
276,Especialidad_276,Yourself the million result.
277,Especialidad_277,Green successful would both across quite on.
278,Especialidad_278,Green movement now party.
279,Especialidad_279,Week charge party me wear.
280,Especialidad_280,Upon chance line test let.
281,Especialidad_281,Help avoid theory exactly.
282,Especialidad_282,Crime field break.
283,Especialidad_283,Arm cup window child.
284,Especialidad_284,If work him draw notice.
285,Especialidad_285,Hospital with source body.
286,Especialidad_286,Note book human.
287,Especialidad_287,Pay clear thousand poor hold American whose.
288,Especialidad_288,Teach tax scientist hundred bar attack figure.
289,Especialidad_289,Food travel I hotel.
290,Especialidad_290,Exactly cup animal.
291,Especialidad_291,Seat health group report south today.
292,Especialidad_292,Management quite chance color be many new meeting.
293,Especialidad_293,Note every area we idea billion woman within.
294,Especialidad_294,Trip sure similar kitchen record American.
295,Especialidad_295,Action great worker institution information trouble center top.
296,Especialidad_296,Value program drug unit along.
297,Especialidad_297,Project place itself although raise agency government.
298,Especialidad_298,Experience effect among tend nation reflect.
299,Especialidad_299,They paper policy together support scene mention.
300,Especialidad_300,Lawyer safe effect per lay term else.
301,Especialidad_301,Condition sign staff grow else list themselves.
302,Especialidad_302,Quickly ten site teacher turn trouble.
303,Especialidad_303,Class knowledge fund area.
304,Especialidad_304,Whatever space during spring.
305,Especialidad_305,Usually interest create the answer air.
306,Especialidad_306,Stock require town.
307,Especialidad_307,Friend apply have about somebody let around.
308,Especialidad_308,Finally nature feeling property skin particularly.
309,Especialidad_309,Set begin fall spend floor.
310,Especialidad_310,Give example seek arm our trial.
311,Especialidad_311,Long act sea Democrat wait despite often.
312,Especialidad_312,Agent increase player hope language personal machine.
313,Especialidad_313,Third bar choose market meeting.
314,Especialidad_314,Society land moment break reduce.
315,Especialidad_315,Yourself million break example.
316,Especialidad_316,Be option the man not show.
317,Especialidad_317,Senior other page suddenly this catch.
318,Especialidad_318,Find sea hit agency mind.
319,Especialidad_319,Short certainly fact mean.
320,Especialidad_320,Could study least.
321,Especialidad_321,Summer glass hot crime garden himself cell common.
322,Especialidad_322,Born than move involve.
323,Especialidad_323,Trade coach customer friend PM.
324,Especialidad_324,Without reflect reduce investment message drive suddenly.
325,Especialidad_325,Whole west third decade nor.
326,Especialidad_326,Market theory sure model we heavy box.
327,Especialidad_327,Grow choice coach officer ten different.
328,Especialidad_328,Up two subject decision still place.
329,Especialidad_329,Project decide left her machine speak.
330,Especialidad_330,Near light detail garden concern wife.
331,Especialidad_331,Yet material heavy system.
332,Especialidad_332,Everybody cold human herself.
333,Especialidad_333,Out radio range night loss mouth morning.
334,Especialidad_334,More past speech theory senior.
335,Especialidad_335,Necessary anything economic.
336,Especialidad_336,Music modern themselves stage better within analysis necessary.
337,Especialidad_337,Industry physical hold including.
338,Especialidad_338,Paper opportunity thus herself.
339,Especialidad_339,Such ok you good part.
340,Especialidad_340,Create since visit.
341,Especialidad_341,Range face southern leg.
342,Especialidad_342,War beautiful skin simple store.
343,Especialidad_343,Church station wonder believe here few bit.
344,Especialidad_344,Ability in owner get score.
345,Especialidad_345,Open once night professional other subject whose.
346,Especialidad_346,Close drug free difference lose official there.
347,Especialidad_347,Anyone worry for back provide eye on.
348,Especialidad_348,Live note financial ground arrive memory wait which.
349,Especialidad_349,Great similar doctor early pressure girl old.
350,Especialidad_350,Sound receive case manager woman the.
351,Especialidad_351,Truth later individual.
352,Especialidad_352,Detail police many.
353,Especialidad_353,Quickly yeah report.
354,Especialidad_354,Father check service blue.
355,Especialidad_355,Sea perform institution.
356,Especialidad_356,Skill happy adult writer candidate development.
357,Especialidad_357,Forget field response specific heart risk financial.
358,Especialidad_358,Test each though son hotel time.
359,Especialidad_359,Expect for decide say discuss.
360,Especialidad_360,Moment rate single democratic wife really entire camera.
361,Especialidad_361,Data run care day why.
362,Especialidad_362,Size someone best tonight century.
363,Especialidad_363,Program himself bad read turn free.
364,Especialidad_364,Hospital hard not source religious.
365,Especialidad_365,Special second challenge arm experience their science.
366,Especialidad_366,Market down international.
367,Especialidad_367,Must various cell area difficult wait our.
368,Especialidad_368,Take leave adult yourself ground hundred color security.
369,Especialidad_369,Size left decide approach.
370,Especialidad_370,Author eight ready generation become.
371,Especialidad_371,Human mention account box.
372,Especialidad_372,Laugh matter suddenly wrong.
373,Especialidad_373,Pattern require store family.
374,Especialidad_374,Much music have life.
375,Especialidad_375,Top debate up during certain.
376,Especialidad_376,Others great everything movie game accept but.
377,Especialidad_377,Never different just require beat see word.
378,Especialidad_378,Mouth easy order.
379,Especialidad_379,Doctor himself together.
380,Especialidad_380,Certain spend different church attention want left.
381,Especialidad_381,Health impact record compare main air.
382,Especialidad_382,Record money say foreign control radio.
383,Especialidad_383,With student simply tend meeting.
384,Especialidad_384,Next himself stop make full impact age.
385,Especialidad_385,Range event huge health individual paper treatment.
386,Especialidad_386,None responsibility a tell pick.
387,Especialidad_387,Different leg with there actually.
388,Especialidad_388,Kitchen region have base.
389,Especialidad_389,Political myself trip understand girl sort little young.
390,Especialidad_390,Magazine treatment region someone blood individual well.
391,Especialidad_391,Style push air pattern.
392,Especialidad_392,Because election public.
393,Especialidad_393,Week student lawyer.
394,Especialidad_394,Cultural follow food land leader last American.
395,Especialidad_395,Character home class ask teacher expect word.
396,Especialidad_396,Learn left usually act.
397,Especialidad_397,Account never but safe man voice culture.
398,Especialidad_398,Nice out really value join reach office.
399,Especialidad_399,New for least product add bed.
400,Especialidad_400,News task which character.
401,Especialidad_401,Land teacher risk after gun could.
402,Especialidad_402,Fear authority sister response positive property.
403,Especialidad_403,Center step number career affect them.
404,Especialidad_404,Deal national those around meeting boy.
405,Especialidad_405,High real entire stock.
406,Especialidad_406,Door office agent contain business although born.
407,Especialidad_407,World open rule.
408,Especialidad_408,Somebody or goal one laugh data.
409,Especialidad_409,Box red trade speech long goal.
410,Especialidad_410,Garden bring whom civil her back.
411,Especialidad_411,Scientist talk hotel try ground sing small.
412,Especialidad_412,Thus worker big fact threat physical economy.
413,Especialidad_413,Full speak American know soon maybe.
414,Especialidad_414,Voice contain know now effort add.
415,Especialidad_415,Bed somebody forget note effect help husband through.
416,Especialidad_416,Letter officer name.
417,Especialidad_417,Civil out help his before try different.
418,Especialidad_418,Road law value.
419,Especialidad_419,Police want home.
420,Especialidad_420,Lawyer on soldier shoulder listen ground.
421,Especialidad_421,Door difficult weight.
422,Especialidad_422,Fast either generation.
423,Especialidad_423,Particularly positive chance beat professional.
424,Especialidad_424,Nation study girl.
425,Especialidad_425,Technology best risk town with.
426,Especialidad_426,Any the around someone.
427,Especialidad_427,Strategy so speech bar guess indeed soon.
428,Especialidad_428,Hot move information maybe democratic reflect book bag.
429,Especialidad_429,Fine look coach term so trade.
430,Especialidad_430,High success standard experience window time enough.
431,Especialidad_431,Religious actually give southern themselves.
432,Especialidad_432,In small resource training than brother policy.
433,Especialidad_433,Over edge I ahead federal month.
434,Especialidad_434,Usually recognize soldier federal fill enough.
435,Especialidad_435,Watch near out accept notice.
436,Especialidad_436,Present police exist control grow food.
437,Especialidad_437,Environment situation world.
438,Especialidad_438,Arm wide focus feeling else style moment.
439,Especialidad_439,Key really camera population side while.
440,Especialidad_440,Seem senior treatment great surface around.
441,Especialidad_441,Fire message truth follow.
442,Especialidad_442,Their rock there both phone.
443,Especialidad_443,Seven various moment discussion though watch.
444,Especialidad_444,Large agreement direction staff as.
445,Especialidad_445,Say maybe newspaper one indeed.
446,Especialidad_446,Early agreement this something during fund.
447,Especialidad_447,Garden front open high ago.
448,Especialidad_448,Dream true specific customer while letter single.
449,Especialidad_449,Play detail spend part decision long.
450,Especialidad_450,Able room successful none.
451,Especialidad_451,Become cut boy night defense.
452,Especialidad_452,Analysis claim box north.
453,Especialidad_453,Shoulder church today understand despite recently.
454,Especialidad_454,Sea whom too inside hit.
455,Especialidad_455,Apply hold my father.
456,Especialidad_456,Instead prevent staff reveal front.
457,Especialidad_457,Bring and assume individual.
458,Especialidad_458,Need police management.
459,Especialidad_459,Company deal different set enough race put which.
460,Especialidad_460,Every toward with yourself.
461,Especialidad_461,Culture sort image exist century service prove member.
462,Especialidad_462,Still information response season teach.
463,Especialidad_463,Yourself father throughout list its business speak music.
464,Especialidad_464,Second there relationship establish window begin house.
465,Especialidad_465,Argue school theory young new yard.
466,Especialidad_466,Cold hope report provide movie.
467,Especialidad_467,Least test measure authority win international write note.
468,Especialidad_468,Business might husband.
469,Especialidad_469,Section fight authority have listen.
470,Especialidad_470,Weight walk alone first industry.
471,Especialidad_471,Provide meet Mr inside.
472,Especialidad_472,Cause price yeah sister health her better nice.
473,Especialidad_473,All something area change half despite interest.
474,Especialidad_474,Size fill blue low point.
475,Especialidad_475,Office wife south story bring when.
476,Especialidad_476,Leg road house according season research that market.
477,Especialidad_477,Ten big read reduce soon.
478,Especialidad_478,Even center event just yeah indicate.
479,Especialidad_479,Cup any surface street TV minute prevent reason.
480,Especialidad_480,Knowledge light summer general religious particularly.
481,Especialidad_481,Standard over vote every idea just.
482,Especialidad_482,Fall think center red.
483,Especialidad_483,Special whether point sense unit right.
484,Especialidad_484,Inside lot military point chair industry business standard.
485,Especialidad_485,Charge statement price explain service though.
486,Especialidad_486,Perhaps in national push others simply purpose.
487,Especialidad_487,Their phone nor better black mouth visit.
488,Especialidad_488,Thus film usually pick.
489,Especialidad_489,Fire now four ahead.
490,Especialidad_490,Candidate present smile letter.
491,Especialidad_491,Recent sit red go right.
492,Especialidad_492,Whom common team among cut of.
493,Especialidad_493,Ready board note simply.
494,Especialidad_494,Where low see get respond thought movement.
495,Especialidad_495,Quite thought common down hair.
496,Especialidad_496,Student off compare same myself.
497,Especialidad_497,Artist doctor rich law catch me nature person.
498,Especialidad_498,They heavy not green.
499,Especialidad_499,Relate even still bag oil as.
500,Especialidad_500,Prove available professional effort hope performance affect.
501,Especialidad_501,Last Congress offer difficult candidate.
502,Especialidad_502,Far born executive approach piece.
503,Especialidad_503,Between responsibility head else political knowledge.
504,Especialidad_504,Employee add this bank work management wife than.
505,Especialidad_505,Door decide character pull food education truth.
506,Especialidad_506,Bit back environment sense.
507,Especialidad_507,Life million test yard control card.
508,Especialidad_508,Find test grow live.
509,Especialidad_509,Century work enough win speak involve several daughter.
510,Especialidad_510,President force common lay security score field.
511,Especialidad_511,Age factor party.
512,Especialidad_512,Career able budget cell politics also treatment.
513,Especialidad_513,Authority vote ahead lay ten nearly send.
514,Especialidad_514,Must accept hot add set product wish.
515,Especialidad_515,Almost machine staff successful.
516,Especialidad_516,Similar budget movement quality on effect.
517,Especialidad_517,Often environment own.
518,Especialidad_518,Play baby cause discuss paper.
519,Especialidad_519,Figure buy produce woman morning growth already visit.
520,Especialidad_520,Manager where home garden.
521,Especialidad_521,Culture PM hear call.
522,Especialidad_522,Soldier alone miss piece TV left but.
523,Especialidad_523,Situation charge occur.
524,Especialidad_524,Voice my four pick meet while respond.
525,Especialidad_525,Notice anyone coach tough get play.
526,Especialidad_526,Lot form job under high season.
527,Especialidad_527,Drive tough others need analysis heavy.
528,Especialidad_528,Education anyone stop under.
529,Especialidad_529,Sister understand chair staff.
530,Especialidad_530,Read defense join simply themselves above.
531,Especialidad_531,Type water have recognize hear become base.
532,Especialidad_532,Involve environment behind you low.
533,Especialidad_533,Get list always involve environment.
534,Especialidad_534,Grow within film.
535,Especialidad_535,Society since when.
536,Especialidad_536,Nice argue single certainly color market.
537,Especialidad_537,Consumer enjoy ground usually another.
538,Especialidad_538,Bank accept focus prove word her ago.
539,Especialidad_539,Son exactly a religious find free door.
540,Especialidad_540,Site main low.
541,Especialidad_541,Stay somebody threat most operation attention culture.
542,Especialidad_542,Indicate theory travel perhaps prepare decision.
543,Especialidad_543,Truth appear we.
544,Especialidad_544,Guess any improve exist.
545,Especialidad_545,Measure common single experience add ago computer.
546,Especialidad_546,Choose enter picture will picture follow.
547,Especialidad_547,Whatever energy today project though red.
548,Especialidad_548,Consumer feeling you near main else.
549,Especialidad_549,Here need heart audience.
550,Especialidad_550,Nation standard site individual cold anyone plant.
551,Especialidad_551,Property group address me.
552,Especialidad_552,Visit wear among area popular condition.
553,Especialidad_553,Vote kitchen easy on.
554,Especialidad_554,Such interview cause politics.
555,Especialidad_555,House identify main institution us.
556,Especialidad_556,Thing me very executive forget.
557,Especialidad_557,Machine chance sort.
558,Especialidad_558,Consider their suggest many those.
559,Especialidad_559,Executive tonight worker.
560,Especialidad_560,Wear newspaper lot relate relationship on certainly.
561,Especialidad_561,Model lay garden simple.
562,Especialidad_562,Join culture spring green explain.
563,Especialidad_563,Show others art.
564,Especialidad_564,Degree short available risk executive.
565,Especialidad_565,Few hold network work tax whom newspaper.
566,Especialidad_566,Drug benefit have rock.
567,Especialidad_567,Police suddenly north side help blood animal provide.
568,Especialidad_568,Guess avoid ability authority whom stand close.
569,Especialidad_569,Else star whose series thing practice mention.
570,Especialidad_570,Perform onto perform light thousand step turn.
571,Especialidad_571,Concern environmental heart.
572,Especialidad_572,Rate dream west daughter such.
573,Especialidad_573,Still significant stay performance television education.
574,Especialidad_574,Money player or sort lawyer daughter involve government.
575,Especialidad_575,Wide mind machine process government simple.
576,Especialidad_576,Huge free according sport popular describe.
577,Especialidad_577,Individual seem than.
578,Especialidad_578,Public actually scientist can.
579,Especialidad_579,Firm child ground mind worry it ready.
580,Especialidad_580,Cup coach rather animal decide key heavy.
581,Especialidad_581,For building question foreign relationship though.
582,Especialidad_582,Future your author easy.
583,Especialidad_583,Voice buy stop investment modern.
584,Especialidad_584,Clear accept young life husband news.
585,Especialidad_585,Community business their contain teach.
586,Especialidad_586,Arrive performance behavior able war stand.
587,Especialidad_587,Capital character me else nature forget.
588,Especialidad_588,Interview next state baby rock score.
589,Especialidad_589,Give style realize management yourself training perform.
590,Especialidad_590,Still in sign sea.
591,Especialidad_591,Street strong its treat trip audience even.
592,Especialidad_592,Owner now television stay cover.
593,Especialidad_593,Discover see official hospital.
594,Especialidad_594,Son add since rather impact own leader.
595,Especialidad_595,Would seem hair season relationship easy miss gas.
596,Especialidad_596,Suffer today move stay personal their money.
597,Especialidad_597,Month address read.
598,Especialidad_598,Help so two fish daughter.
599,Especialidad_599,Treat technology significant country measure memory.
600,Especialidad_600,Drive whatever age boy get partner much.
601,Especialidad_601,Fire hope concern pick majority admit author.
602,Especialidad_602,Anything name himself develop for establish.
603,Especialidad_603,Those seat character church create right.
604,Especialidad_604,Central purpose choice enjoy various east.
605,Especialidad_605,Bring state have long fine direction weight.
606,Especialidad_606,Born shoulder let agreement message place hold save.
607,Especialidad_607,Mouth Mrs fund power.
608,Especialidad_608,Present short star among image control writer.
609,Especialidad_609,Follow than can send.
610,Especialidad_610,Next card environmental both.
611,Especialidad_611,Success wide scientist company inside attack argue.
612,Especialidad_612,Quality just table need civil.
613,Especialidad_613,Scene home loss receive through.
614,Especialidad_614,Station thank various Democrat card region story.
615,Especialidad_615,Or can white peace.
616,Especialidad_616,Drive man war trouble society.
617,Especialidad_617,Pick protect small everything show do.
618,Especialidad_618,Language service her organization.
619,Especialidad_619,If respond back decide boy administration second.
620,Especialidad_620,Form put type fill art cell.
621,Especialidad_621,Page former assume all resource activity.
622,Especialidad_622,Type their television way rest main.
623,Especialidad_623,Effect class dream change stage another fight need.
624,Especialidad_624,Magazine improve international.
625,Especialidad_625,Very star information very.
626,Especialidad_626,Course everybody none team who.
627,Especialidad_627,We understand heart recent style probably.
628,Especialidad_628,Red collection hard candidate fast.
629,Especialidad_629,School easy operation take.
630,Especialidad_630,Claim most owner machine region.
631,Especialidad_631,Bring when treatment night financial sound.
632,Especialidad_632,Without position surface operation defense hotel them office.
633,Especialidad_633,Wait now learn ok in.
634,Especialidad_634,Response improve high thing born others.
635,Especialidad_635,Security beautiful realize view reduce travel fight.
636,Especialidad_636,President coach receive pay marriage need follow.
637,Especialidad_637,Walk necessary white possible.
638,Especialidad_638,Card weight firm beat store fall.
639,Especialidad_639,Man of end budget other happen maybe.
640,Especialidad_640,Movement least name against.
641,Especialidad_641,It smile pull everyone.
642,Especialidad_642,In PM suddenly.
643,Especialidad_643,Party box five nothing.
644,Especialidad_644,Agreement majority too audience carry.
645,Especialidad_645,Worry moment including animal nearly trade region poor.
646,Especialidad_646,Southern politics throw eight oil.
647,Especialidad_647,Three cut authority.
648,Especialidad_648,Red along get it trouble bar represent officer.
649,Especialidad_649,Test toward add actually Mr.
650,Especialidad_650,Example baby hold southern student human tonight.
651,Especialidad_651,Take others protect step.
652,Especialidad_652,Dark success learn anything race describe.
653,Especialidad_653,Chance score serve win.
654,Especialidad_654,Between wait that run.
655,Especialidad_655,Small former rise those matter quickly increase.
656,Especialidad_656,Fine throughout little save all mention these.
657,Especialidad_657,Home discover machine talk pretty.
658,Especialidad_658,Statement common what resource for.
659,Especialidad_659,Interest newspaper thus mind board role strong.
660,Especialidad_660,Head site simple actually wear ever.
661,Especialidad_661,Almost against ever accept short determine east.
662,Especialidad_662,Despite short bed last address teach.
663,Especialidad_663,Network school write its various wear.
664,Especialidad_664,Over represent relate my event value rate his.
665,Especialidad_665,Throw project hospital.
666,Especialidad_666,Man although baby compare.
667,Especialidad_667,Job financial garden voice.
668,Especialidad_668,Determine environmental most.
669,Especialidad_669,Result behind high close building.
670,Especialidad_670,Choice there break per but data.
671,Especialidad_671,Risk officer authority something.
672,Especialidad_672,Foreign worker should evening scientist thousand.
673,Especialidad_673,Pm fight through Democrat through.
674,Especialidad_674,Finally require page pattern.
675,Especialidad_675,Eat occur positive scientist.
676,Especialidad_676,Role cultural laugh agency information.
677,Especialidad_677,Section way special yeah.
678,Especialidad_678,Card stage laugh life.
679,Especialidad_679,Trip around year everybody.
680,Especialidad_680,Federal him specific buy half guess.
681,Especialidad_681,Network nearly condition option.
682,Especialidad_682,Firm occur future decade medical themselves focus.
683,Especialidad_683,Box relationship company be sense prevent line.
684,Especialidad_684,Guy method bag some carry marriage tax.
685,Especialidad_685,Full arm central now visit performance.
686,Especialidad_686,Fish agent according late.
687,Especialidad_687,Picture suffer size trade industry.
688,Especialidad_688,Leader item strategy adult way.
689,Especialidad_689,Reach baby rich.
690,Especialidad_690,Become condition reveal.
691,Especialidad_691,Into collection product huge.
692,Especialidad_692,Case into TV street success building pick owner.
693,Especialidad_693,Reason thousand really front career often doctor rich.
694,Especialidad_694,Support spend around four oil power Democrat.
695,Especialidad_695,Size entire project office some control.
696,Especialidad_696,Market interview listen sister worry write interview assume.
697,Especialidad_697,Ago more claim goal small.
698,Especialidad_698,Program throughout special pick serious.
699,Especialidad_699,Travel cause bill wear customer research.
700,Especialidad_700,Far whatever senior difficult tonight spring show.
701,Especialidad_701,Economic year trade almost this.
702,Especialidad_702,Force west just perform young movement rest.
703,Especialidad_703,Style others during both word.
704,Especialidad_704,Whole expect evening reach back.
705,Especialidad_705,Peace teach everybody throw wish alone paper.
706,Especialidad_706,Perhaps image establish one.
707,Especialidad_707,Series himself question reveal.
708,Especialidad_708,True single always your.
709,Especialidad_709,Tonight again issue.
710,Especialidad_710,Wait drug impact late particular since chance paper.
711,Especialidad_711,Material machine discussion his blue back.
712,Especialidad_712,Deep enough against including surface employee plant.
713,Especialidad_713,Suffer success fly opportunity.
714,Especialidad_714,Ahead fly key.
715,Especialidad_715,Today push wife upon list recently final.
716,Especialidad_716,Receive blue month price bag.
717,Especialidad_717,Reflect long player interesting spend officer.
718,Especialidad_718,Few most matter my set assume race more.
719,Especialidad_719,Speech suffer describe law door mother president whole.
720,Especialidad_720,Popular but door deal meet.
721,Especialidad_721,Interesting he activity sort report.
722,Especialidad_722,Site some establish brother.
723,Especialidad_723,Important specific cup marriage color.
724,Especialidad_724,Last difference figure money.
725,Especialidad_725,Attack argue may better better executive.
726,Especialidad_726,Include create life while bit decade charge.
727,Especialidad_727,Sound Mr be blue need shoulder item.
728,Especialidad_728,Focus think season important.
729,Especialidad_729,Line character court.
730,Especialidad_730,Under sing analysis me certainly research although explain.
731,Especialidad_731,Game girl anyone can old executive central.
732,Especialidad_732,Test cause century least appear.
733,Especialidad_733,Chance book thank tough finally third.
734,Especialidad_734,Off successful serve peace war care.
735,Especialidad_735,Treatment stop land when character letter nature resource.
736,Especialidad_736,Fall relate yet management forget.
737,Especialidad_737,Relationship only small on fly let.
738,Especialidad_738,Until mother something.
739,Especialidad_739,Senior white current heart one.
740,Especialidad_740,Simply cup walk often voice.
741,Especialidad_741,Thank paper Mr indeed team.
742,Especialidad_742,To realize score writer accept individual suffer.
743,Especialidad_743,Herself effect individual book think.
744,Especialidad_744,Suddenly car meet song add.
745,Especialidad_745,View institution figure structure.
746,Especialidad_746,Current the enough sea ball.
747,Especialidad_747,Shoulder take up collection direction serve.
748,Especialidad_748,Add century heart we walk listen also.
749,Especialidad_749,Very someone own admit mission protect.
750,Especialidad_750,Impact any during sort.
751,Especialidad_751,Clearly set wait production kitchen moment.
752,Especialidad_752,Dinner red family general wrong phone.
753,Especialidad_753,Defense plan medical prepare collection choice remember.
754,Especialidad_754,Statement scene respond memory cover finish research.
755,Especialidad_755,Perhaps up response college.
756,Especialidad_756,But few soldier southern term.
757,Especialidad_757,Big miss pattern many serious third.
758,Especialidad_758,Answer six business else recently.
759,Especialidad_759,Think rather example my hear production point.
760,Especialidad_760,Station city military walk.
761,Especialidad_761,Leader again capital.
762,Especialidad_762,Size source character act civil left.
763,Especialidad_763,Size manage American perform.
764,Especialidad_764,Artist contain return.
765,Especialidad_765,Spend first if girl action allow several room.
766,Especialidad_766,Eat job thus get imagine pressure.
767,Especialidad_767,Action home decide home idea tax speak.
768,Especialidad_768,Score happy weight institution.
769,Especialidad_769,Thought allow church worry information.
770,Especialidad_770,Coach dinner long wall treat especially wrong.
771,Especialidad_771,Trial with poor someone leader since.
772,Especialidad_772,Whose western push around sister instead either.
773,Especialidad_773,Available blood community.
774,Especialidad_774,Benefit your least me reflect Congress.
775,Especialidad_775,Measure find direction site everybody.
776,Especialidad_776,Organization also east community activity fact.
777,Especialidad_777,Listen data where view itself kid also.
778,Especialidad_778,Executive inside enjoy yourself.
779,Especialidad_779,Commercial turn nice protect manager dinner.
780,Especialidad_780,Fear figure risk difficult about sure.
781,Especialidad_781,Feeling mind determine glass change stop term accept.
782,Especialidad_782,Task indeed newspaper.
783,Especialidad_783,Firm half from might likely energy.
784,Especialidad_784,Nature from simply key hard space.
785,Especialidad_785,Method road keep think as debate.
786,Especialidad_786,Degree site group the develop information pass.
787,Especialidad_787,End rate particular history nearly far.
788,Especialidad_788,Senior entire college able natural later.
789,Especialidad_789,Husband rather describe see draw.
790,Especialidad_790,Off center perhaps gun.
791,Especialidad_791,Themselves enter Mrs.
792,Especialidad_792,Figure believe onto north.
793,Especialidad_793,Side let plant.
794,Especialidad_794,Few my whom course.
795,Especialidad_795,Glass avoid life next.
796,Especialidad_796,More field pick.
797,Especialidad_797,Black language those.
798,Especialidad_798,Ground politics training hope great believe car.
799,Especialidad_799,Political agent dark these think three defense.
800,Especialidad_800,Religious good really behavior no.
801,Especialidad_801,Possible training three operation.
802,Especialidad_802,Guess street leg.
803,Especialidad_803,If computer along learn parent red.
804,Especialidad_804,Tough another already safe second exist someone describe.
805,Especialidad_805,Dinner other already long section economy.
806,Especialidad_806,Debate service even figure skill campaign.
807,Especialidad_807,Ask capital color maybe development material.
808,Especialidad_808,Reach ground growth policy.
809,Especialidad_809,Stop necessary think including decade.
810,Especialidad_810,Collection suddenly real it almost.
811,Especialidad_811,Painting candidate page evidence process necessary now.
812,Especialidad_812,Decide machine staff number process form.
813,Especialidad_813,Guy support right project close subject.
814,Especialidad_814,Learn project trouble thing.
815,Especialidad_815,Stage political political husband.
816,Especialidad_816,Seat look course political various middle campaign stuff.
817,Especialidad_817,Our often allow study.
818,Especialidad_818,It nature economic old season.
819,Especialidad_819,Policy she rock last card our.
820,Especialidad_820,Simply name itself I surface they.
821,Especialidad_821,Wrong character government.
822,Especialidad_822,Hour marriage get voice way.
823,Especialidad_823,View assume consider accept.
824,Especialidad_824,Guess six affect sure set material interest.
825,Especialidad_825,Blood size discussion try little citizen.
826,Especialidad_826,Western matter focus.
827,Especialidad_827,Fact him interview speech southern fish.
828,Especialidad_828,Lawyer program sport camera much many unit.
829,Especialidad_829,Defense true various house.
830,Especialidad_830,Against same pull skill goal certain.
831,Especialidad_831,Player letter produce draw above.
832,Especialidad_832,Bring get have figure argue local.
833,Especialidad_833,Stock statement base down.
834,Especialidad_834,Same power bad design consider.
835,Especialidad_835,Thus anyone soldier billion vote lead right.
836,Especialidad_836,Change price especially difference cover operation word base.
837,Especialidad_837,Trip most tonight market minute.
838,Especialidad_838,Discussion everybody our entire agreement.
839,Especialidad_839,Child hope source method growth.
840,Especialidad_840,Moment table goal step time.
841,Especialidad_841,Boy send paper cover finally property.
842,Especialidad_842,Picture network leader as fund.
843,Especialidad_843,Day between full number.
844,Especialidad_844,Between sister early range local.
845,Especialidad_845,Change individual note season heavy.
846,Especialidad_846,Him process bill accept campaign sport.
847,Especialidad_847,Example hundred challenge then.
848,Especialidad_848,Table whatever task be season leader magazine.
849,Especialidad_849,Meet force much as.
850,Especialidad_850,Necessary leave PM enter sure herself.
851,Especialidad_851,Use former here choice prove.
852,Especialidad_852,Myself majority everyone system society if born different.
853,Especialidad_853,Nor school more memory mouth speak.
854,Especialidad_854,Teacher across meeting most ahead represent finish.
855,Especialidad_855,Into amount course great view trial.
856,Especialidad_856,Often rise oil.
857,Especialidad_857,Or development cold huge machine ready must theory.
858,Especialidad_858,Into no need response among.
859,Especialidad_859,Eat large pretty.
860,Especialidad_860,Long build federal.
861,Especialidad_861,Crime director operation use see over.
862,Especialidad_862,Thank total bit bed drop crime.
863,Especialidad_863,Matter piece court current gas follow not.
864,Especialidad_864,Leave across agreement offer sure.
865,Especialidad_865,Must of board series name talk.
866,Especialidad_866,Also hard yeah speak main front.
867,Especialidad_867,Full rule service expert.
868,Especialidad_868,Statement several reach into husband local.
869,Especialidad_869,Machine arm age property.
870,Especialidad_870,Hold part few professional election possible every.
871,Especialidad_871,Make happy family development down left could population.
872,Especialidad_872,At peace may open somebody song speak.
873,Especialidad_873,Process especially hundred impact share cut real.
874,Especialidad_874,Industry fine as news management.
875,Especialidad_875,Tree game sing.
876,Especialidad_876,Stay bed manage price put drive.
877,Especialidad_877,For garden push tell.
878,Especialidad_878,Eight maintain arm recent.
879,Especialidad_879,Station toward event must just quickly right.
880,Especialidad_880,Still bad page democratic series cell bad of.
881,Especialidad_881,Reflect food occur reflect key foot appear million.
882,Especialidad_882,Statement around according film grow.
883,Especialidad_883,Industry lead carry determine not.
884,Especialidad_884,Must scientist should billion.
885,Especialidad_885,Into indicate compare go allow little.
886,Especialidad_886,Deal study good.
887,Especialidad_887,Happy subject interesting poor education big fly lawyer.
888,Especialidad_888,Head including ever research hope call.
889,Especialidad_889,Land middle direction recently suggest sense.
890,Especialidad_890,Buy plant play work page eight tonight either.
891,Especialidad_891,Work style read mention part.
892,Especialidad_892,Effort pressure head sound where dream.
893,Especialidad_893,Card course certainly region way because.
894,Especialidad_894,Watch stock foreign ago may.
895,Especialidad_895,Sense unit good light it thought.
896,Especialidad_896,Let power after way.
897,Especialidad_897,Process name expert those positive require.
898,Especialidad_898,Amount project beat by buy.
899,Especialidad_899,Report throughout eye air their drive.
900,Especialidad_900,Man do civil all degree sea past.
901,Especialidad_901,Reduce thus edge car people.
902,Especialidad_902,Season time see involve head collection happen.
903,Especialidad_903,Defense cut office down design.
904,Especialidad_904,Real arrive single subject.
905,Especialidad_905,Scene employee set security never president campaign community.
906,Especialidad_906,Concern fight property PM us someone modern practice.
907,Especialidad_907,Light along send term fill read institution.
908,Especialidad_908,Benefit mouth specific politics common avoid reach.
909,Especialidad_909,Color participant management story.
910,Especialidad_910,Recognize without miss our.
911,Especialidad_911,Natural name wear ball focus name.
912,Especialidad_912,Blue security second wind matter after reflect.
913,Especialidad_913,Spring term store record.
914,Especialidad_914,Actually investment form this sort show.
915,Especialidad_915,He ready star manage administration research.
916,Especialidad_916,Well still local attorney.
917,Especialidad_917,Head we despite author first.
918,Especialidad_918,Listen side education data rise certainly.
919,Especialidad_919,Resource result head environmental feeling message.
920,Especialidad_920,Song program technology place company reduce friend.
921,Especialidad_921,American teach any view.
922,Especialidad_922,Pattern agreement effort television push kitchen.
923,Especialidad_923,Great white matter manage.
924,Especialidad_924,Learn gas different population have.
925,Especialidad_925,Usually over question whatever thank argue soldier deep.
926,Especialidad_926,Population power parent country these.
927,Especialidad_927,Do authority later.
928,Especialidad_928,Because science middle far image weight.
929,Especialidad_929,Building thank term break mother feeling majority.
930,Especialidad_930,Figure son sometimes writer.
931,Especialidad_931,Maintain leg ago.
932,Especialidad_932,Identify eye operation forward little really provide.
933,Especialidad_933,State occur scientist beyond bring professional message.
934,Especialidad_934,Every cut yet fly.
935,Especialidad_935,Close child will choose particularly note.
936,Especialidad_936,For skill piece.
937,Especialidad_937,Interesting interest career put.
938,Especialidad_938,Skill accept name drug society write actually.
939,Especialidad_939,Since wife include standard see possible.
940,Especialidad_940,Six card bill image now knowledge within.
941,Especialidad_941,Charge senior only finally medical area account.
942,Especialidad_942,Strong throughout position spend debate answer each.
943,Especialidad_943,Executive hotel though growth history.
944,Especialidad_944,Offer pressure buy main phone discover key full.
945,Especialidad_945,Message continue recent at.
946,Especialidad_946,Skin little machine guess continue upon star.
947,Especialidad_947,Whatever blue popular I.
948,Especialidad_948,Wide notice vote politics difference little.
949,Especialidad_949,Lay spend daughter represent.
950,Especialidad_950,Performance personal laugh people catch town let.
951,Especialidad_951,Movement study series body risk.
952,Especialidad_952,However specific amount second land nature.
953,Especialidad_953,Anything father model single accept process individual.
954,Especialidad_954,Art put claim particular everyone care.
955,Especialidad_955,Never give scientist enough show community school.
956,Especialidad_956,Here possible age tell hope.
957,Especialidad_957,Music simple effort several.
958,Especialidad_958,Sort win fast move.
959,Especialidad_959,Way nothing provide up develop throw serve act.
960,Especialidad_960,Push develop sister thing her religious city.
961,Especialidad_961,Per way beautiful realize test continue.
962,Especialidad_962,Action call idea another forget citizen detail its.
963,Especialidad_963,Enjoy recently few hope present half.
964,Especialidad_964,Believe hair spend enjoy property.
965,Especialidad_965,Mrs PM police ahead program.
966,Especialidad_966,Phone choose baby small receive nor receive meet.
967,Especialidad_967,Show Mrs become.
968,Especialidad_968,Performance color field lot year billion.
969,Especialidad_969,Born population none.
970,Especialidad_970,Site recent field pattern.
971,Especialidad_971,Upon central leave feel.
972,Especialidad_972,Thought glass off gas.
973,Especialidad_973,Building team explain activity.
974,Especialidad_974,Score baby say tend prepare south.
975,Especialidad_975,Decision me low civil hair.
976,Especialidad_976,Represent position go glass.
977,Especialidad_977,Provide collection may player.
978,Especialidad_978,Audience miss suffer concern raise.
979,Especialidad_979,Whatever over central lead item.
980,Especialidad_980,Try far indeed.
981,Especialidad_981,Position cost attorney give man with join.
982,Especialidad_982,Direction none resource issue.
983,Especialidad_983,Democrat necessary night operation fine score.
984,Especialidad_984,Computer form discover weight old.
985,Especialidad_985,List perform mind season network human.
986,Especialidad_986,Question crime account way.
987,Especialidad_987,Region learn in war democratic score decision.
988,Especialidad_988,Spend success election continue organization else open.
989,Especialidad_989,Activity often easy role budget fire.
990,Especialidad_990,War consider between most debate generation matter.
991,Especialidad_991,Hope point character quality listen candidate along.
992,Especialidad_992,Teach across happen prevent.
993,Especialidad_993,Smile carry pull cold within more.
994,Especialidad_994,Among peace sport study among.
995,Especialidad_995,Black modern newspaper.
996,Especialidad_996,Worry child site player.
997,Especialidad_997,Name side late east group local.
998,Especialidad_998,Apply month price bring market.
999,Especialidad_999,Yeah close effort property eye reveal when.
1000,Especialidad_1000,Decide many eye you.
