numero,ubicacion
CONS0001,"PSC 9171, Box 6012
APO AP 58798"
CONS0002,"686 Thompson Groves Suite 484
Bettyburgh, KS 73927"
CONS0003,"021 Harrison Cliffs Apt. 454
Amandamouth, TN 24032"
CONS0004,"6241 Reeves Green Suite 809
New John, NV 23453"
CONS0005,"93682 Nguyen Green Suite 632
Mossville, NE 55190"
CONS0006,"50221 Wolf Branch Apt. 368
Arroyochester, IA 88128"
CONS0007,"51252 Archer Groves
East Lindsayview, TX 40561"
CONS0008,"9916 Whitehead Bridge
Jasonmouth, WY 11406"
CONS0009,"491 Hicks Knolls
North Kelly, WV 97660"
CONS0010,"7443 Lindsay Creek Apt. 391
Port Lisaside, PW 86974"
CONS0011,"16397 Samantha Squares Suite 853
New Sara, TN 14102"
CONS0012,"8845 Green Club Suite 622
Lake Jacob, MN 95149"
CONS0013,"50992 Chad Mountains Apt. 664
East Darrellland, WA 41939"
CONS0014,"764 Christopher Center
Trujilloburgh, IL 39636"
CONS0015,"676 Emily Spring
North Sandra, OK 95929"
CONS0016,"71634 Brittany Flats Suite 070
West Debbieland, WI 45442"
CONS0017,"5188 Miller Spur
Solomonmouth, WV 70657"
CONS0018,"14427 Pittman Ford
South Mary, DE 45033"
CONS0019,"0662 Wilson Shores
Chadchester, IA 78663"
CONS0020,"PSC 1161, Box 4621
APO AA 04401"
