dni,nombre,apellido,fecha_nacimiento,sexo,correo,telefono
55891315,Derrick,Fields,1990-01-30,M,thomas01@example.org,928706773
22838808,Julie,Holden,1980-12-24,F,jackwoods@example.org,959809932
64670554,David,Garcia,1973-08-09,M,richardnelson@example.org,936989973
61630926,Matthew,Williams,1977-11-18,F,fcarr@example.org,947984518
41955738,Shaun,Maxwell,1972-10-28,F,hilljohn@example.org,998822329
22146344,George,Mason,1977-11-07,F,kathleentrevino@example.org,958078881
81464908,Brett,Carlson,1977-05-01,M,thompsonbrendan@example.com,964359865
51294914,Thomas,Mitchell,1977-06-23,F,vmccoy@example.com,999189685
98340205,James,Williams,1972-06-30,F,gregory31@example.org,985886421
48842732,Christian,Berry,1999-10-07,F,wendymcgee@example.com,971380065
26815663,Christopher,Jenkins,1989-10-28,M,asullivan@example.org,919684364
16132986,Rachel,Thompson,1989-09-03,F,bwalker@example.com,916228833
61485688,Brandon,Vargas,1996-04-13,M,aaron01@example.net,914682518
53878065,Wayne,Young,1975-02-02,F,joel18@example.com,962299187
64775923,Victoria,Kent,1981-08-18,F,lbrooks@example.org,955813232
35514358,Daniel,Murphy,2000-07-08,F,curtisbarbara@example.net,988491667
91466890,Renee,Thornton,1979-04-30,F,lopezjoseph@example.com,951474309
90809090,Tracy,Daniel,1971-04-24,F,kingjerry@example.net,932341305
75912254,Eric,Garcia,1991-09-21,F,donald90@example.org,939068144
23829023,Richard,Greer,1976-09-17,M,reidmatthew@example.org,968836721
55702922,Ashley,Murphy,1993-11-28,F,dadkins@example.net,927395543
64898227,Lisa,Hall,1989-11-23,F,michelle94@example.net,969228092
92817980,Gregory,Williams,1989-05-23,F,andrew56@example.com,943509689
69910164,Elizabeth,Contreras,1973-07-22,M,ocastro@example.com,990193248
95926876,Andrea,Johnson,1991-08-19,M,troth@example.com,916390169
87645337,Tracy,Henderson,1985-02-17,F,thomas82@example.com,905167440
96310586,Robert,Snyder,1982-02-16,M,leeholmes@example.com,923025657
16493979,Elizabeth,Wright,1996-06-28,M,emorris@example.org,943737457
11248162,Gabriella,Henson,1972-11-29,F,berrymichael@example.org,921769033
79772499,Maria,Carter,2000-01-13,M,fhanson@example.com,978823405
99833514,Michele,Walker,1972-10-08,M,aprilbenjamin@example.org,944708243
27398583,Martha,Ayala,1973-07-31,F,gkim@example.com,950857501
57863817,Robert,Morris,1998-10-10,M,elizabeth00@example.com,935313719
78542104,Charles,Colon,1978-04-08,M,colegraves@example.net,989231176
86692444,Gary,Holmes,1996-12-05,M,swansonwarren@example.org,901765576
28364614,Nina,Dodson,1996-09-18,M,anthony90@example.org,977478384
61362901,Whitney,Shepard,1998-12-24,M,guerrabarbara@example.com,989399174
44321160,Jordan,Day,1991-08-26,F,christineharris@example.com,991192686
26404365,Matthew,Bryan,1997-06-03,F,michael60@example.net,925267982
70013004,Keith,Glass,1970-09-01,M,klopez@example.net,937133332
88922795,Eric,Fleming,1989-01-26,M,lbennett@example.com,993912612
36811466,Ian,Adams,1980-01-16,M,zosborne@example.org,949260381
19126570,Christine,Austin,1993-02-26,F,careyjeffrey@example.org,956129476
94361034,Jill,Ramos,1993-04-10,F,wallacejoanna@example.net,990380225
93525808,Christopher,Maldonado,1986-03-08,M,vyoder@example.net,913645564
19156019,Adam,Smith,1988-11-24,M,justinsmith@example.org,998623706
12927063,Heather,Torres,1997-02-05,F,qbailey@example.com,901877221
16090672,George,Silva,1979-01-30,F,usmith@example.org,963600827
80117251,Alicia,Davis,1991-09-01,M,gbeck@example.net,949277142
99884414,Jennifer,Howell,1994-04-14,F,wclark@example.org,944764851
24723239,Wanda,Wilson,2000-12-01,M,gturner@example.net,991477329
95127483,William,Snow,1999-10-29,M,vfoster@example.com,936019621
46334855,Michelle,Atkinson,1981-12-28,F,maynardamanda@example.net,977940760
52484045,Sarah,Jones,1982-09-22,M,mariah35@example.org,997157750
13218293,Joshua,Perry,1994-06-28,M,ljohnson@example.org,983963947
77200776,Jody,Dixon,1970-12-15,M,ramirezrachel@example.net,951986733
66220733,Lisa,Simpson,1979-10-15,F,tristan72@example.org,908461508
89702519,Robert,Smith,1990-05-30,F,vhorton@example.net,955752393
76933391,Joanna,Johnson,1973-09-05,F,gary43@example.net,980914187
86332283,Nancy,Hodges,1991-03-02,M,john72@example.net,969681120
87140607,Jimmy,Hughes,1977-07-29,F,davisbrenda@example.org,918666240
31501178,Shannon,Perry,1977-07-24,F,ingrammark@example.net,942084016
88220081,Michael,Thomas,1976-01-10,F,lwalsh@example.org,957626031
30244131,Jane,Walker,1994-04-22,M,danielmartinez@example.net,973342628
60799368,Caitlin,Stephens,1998-10-21,M,michelle91@example.org,992473192
22287359,Phyllis,Huber,2000-07-30,F,mmoore@example.com,973047870
43490385,William,Perry,1987-06-09,M,cabreratony@example.org,985693269
34527154,Brian,Daniels,2000-01-28,M,isingh@example.com,974306929
57133206,Wesley,Horn,1972-02-17,M,alexander89@example.org,916516946
92804702,Joshua,Stone,1980-10-05,M,nfletcher@example.com,949545305
74952919,Jacqueline,Walker,1984-03-11,M,jacobhunt@example.net,970721359
75952349,Lawrence,Jones,1994-03-24,F,gvaughan@example.net,941361760
66293012,Ashley,Cook,1974-05-10,F,adamsmichael@example.net,919201125
45380476,Shelly,Mendez,1979-12-14,M,jsmith@example.com,928446766
83444774,Gary,Carrillo,1994-10-14,M,foleybrian@example.org,934569212
22549763,Paul,Hamilton,1993-05-10,M,sarias@example.net,951150887
88085596,Tonya,Cooper,1983-03-18,F,dominguezeric@example.org,904876459
38033366,Janet,Griffin,1991-12-10,F,connerbrittany@example.net,921056706
68437388,Mike,Watson,1987-01-02,M,rodrigueztamara@example.com,947052364
55117137,Chelsea,Burns,1981-02-19,F,robinsonkerri@example.org,971934331
79456770,Steven,Baxter,1990-03-11,F,ohoffman@example.net,948637517
77872133,Curtis,Kelly,1980-05-03,F,davisrobert@example.com,943330741
84632838,Denise,Farmer,1988-02-11,F,zacharyavery@example.org,907257247
97375814,Tina,Johnson,1981-07-03,F,samuelgraham@example.org,915455766
46662331,Stephanie,Williams,1980-10-15,F,jeffrey34@example.com,951257609
84661839,Johnny,George,1974-07-15,M,courtney18@example.org,996497820
10097882,Billy,Skinner,1982-06-17,M,michaeljohnson@example.com,916970676
22481011,Christopher,Hinton,1986-07-15,F,brooke16@example.com,923957200
20278990,Michael,Todd,1970-08-10,F,joannmartinez@example.com,947201119
51024507,Charlotte,Weber,1971-03-29,F,greenbrian@example.org,975605506
69966954,Pamela,Porter,1981-06-22,M,jay82@example.net,955853348
51557244,Heather,Harris,1975-10-05,M,qmcdaniel@example.net,920708068
58591689,Jessica,Evans,1985-05-15,M,smithcody@example.com,993364761
54985150,Ronald,Lowe,1994-03-09,F,hillterry@example.org,929636317
86895509,Jeremy,Hamilton,1991-03-26,F,steven19@example.net,999406948
21247634,Ricky,Moran,1990-12-05,M,katelynsoto@example.com,932998762
43127328,Chad,Park,1987-06-08,M,ephillips@example.com,989078114
64775390,Randall,Acosta,1990-11-25,F,davidhaynes@example.org,901738035
72796417,Clifford,Hardin,1998-11-30,M,jennifer68@example.com,922478185
86856861,Laurie,Lane,1994-01-14,M,hmorse@example.com,948286780
72061349,Joel,Short,1978-12-24,F,fischerelizabeth@example.com,984497477
57611415,Amanda,Nelson,1979-12-14,F,zwalker@example.com,911705444
62117162,Shawn,Lee,1972-09-13,F,catherine24@example.net,902152649
39454721,Jason,Johnston,1992-03-26,M,rayconnie@example.net,963137165
56824249,Andrew,Miller,1973-05-25,M,jeremy50@example.com,983570188
30923690,Frederick,Dudley,1975-07-01,M,avilasteve@example.net,906908500
25437200,Autumn,Howard,1971-08-23,M,angelacopeland@example.com,995738364
12155918,Kimberly,White,1986-09-05,M,benjamin33@example.net,968085646
93747430,Edwin,Phelps,1980-09-05,M,larry74@example.net,930809168
28414770,Matthew,Johnson,1992-09-17,F,carrie28@example.net,935836122
36646872,Derek,Davis,1972-02-27,M,croach@example.org,992645039
55314882,Scott,Hancock,1980-12-18,F,danielsmichael@example.com,929141954
58641015,Ashley,Pacheco,1990-06-26,M,nicolejones@example.com,906803529
14184198,Pamela,Sanders,1985-09-30,F,rcampbell@example.com,992689578
11178878,Kyle,Valentine,1981-12-26,F,harrisdennis@example.org,958936317
64793989,Alan,Cook,1992-09-18,M,megankirby@example.org,941013282
41442152,Cheryl,Aguirre,1973-10-03,M,fhickman@example.net,919140810
45663747,Sonya,Shea,1989-01-28,F,laurenwarner@example.org,937848743
35354409,Perry,Ochoa,1973-11-30,F,zoe00@example.org,950266575
28566098,James,Aguilar,1987-05-01,F,esanders@example.org,958817422
89595541,Bryce,Collins,1974-11-05,M,alison48@example.net,996264799
66514730,Michael,Lewis,1994-04-20,M,laura60@example.net,918430546
16431030,Samantha,Butler,1990-02-28,M,ilamb@example.com,958721857
73669038,Randall,Brown,1996-04-27,M,solisbrenda@example.com,985563728
69059083,Diana,White,1996-07-02,F,snichols@example.org,924158331
36552803,Shawn,Duncan,1982-04-11,F,ubailey@example.com,933621511
57134112,Michele,Hickman,1973-09-20,M,umcbride@example.com,971048011
24710920,Crystal,Jones,1971-12-16,M,john97@example.net,936995512
14447595,Christine,Williams,1980-08-17,M,garciajacob@example.net,953468737
23837920,Cynthia,Parker,1986-10-26,M,murphymargaret@example.org,994428272
53262115,Dustin,Suarez,1984-10-24,M,fbyrd@example.org,997576960
18859923,Darlene,Navarro,1992-05-28,F,orozcoshannon@example.net,940486565
99131075,Samantha,Waters,1996-07-19,F,stephen05@example.net,928039381
53596055,Ana,Nguyen,1993-01-02,F,robertyork@example.com,917718491
59373775,Chad,Williams,1990-08-08,F,tonysoto@example.net,954669816
81915707,Steven,Wallace,1975-05-20,F,hwelch@example.net,950052729
86541089,Jesus,Stein,1995-12-09,M,mariahendricks@example.net,998582634
33280398,Nancy,White,1994-08-26,M,christopher67@example.net,950397497
68066563,Angelica,Davis,1970-12-02,F,jenniferhicks@example.org,989683923
33829918,Rebecca,Freeman,1984-10-17,F,copelandjulie@example.com,963195342
11678580,Marcus,Campos,1987-10-29,M,jgentry@example.org,987472172
46997666,James,Bell,1987-08-27,F,ryanbutler@example.org,987310487
43105416,Amber,Cruz,1997-03-05,M,freemanbarbara@example.org,974228473
22065933,Juan,Christian,1979-12-16,F,brianwilson@example.net,998866285
19361275,Daniel,Pittman,1993-11-18,M,wallsamy@example.net,951426296
42881654,David,Matthews,1986-11-01,M,phyllis66@example.org,956687306
55388902,Tanya,Dominguez,1971-08-14,M,ytorres@example.org,919652310
38757467,Jeremy,Williams,1988-12-15,F,gregorydiane@example.org,936978432
92835901,Colleen,Osborne,1996-01-22,F,tyler16@example.org,941387603
21187091,Theresa,Maxwell,1986-12-01,F,sbarron@example.com,985915675
93768558,Cole,Smith,2000-11-06,F,gary72@example.org,929454330
67856213,Charles,Lopez,1979-10-10,M,randallhenderson@example.com,980154891
63867921,Julia,Maxwell,1989-01-05,F,brownmichelle@example.net,978079249
94554168,Tanya,Miller,1974-12-19,M,bkidd@example.com,902667185
11051702,Marilyn,Jenkins,1984-10-29,M,catherinecobb@example.net,996696927
61649852,Susan,Edwards,1995-09-26,F,gregory80@example.net,986454918
30185547,Matthew,Park,1990-10-03,F,jaysilva@example.net,911100100
95147223,Ryan,Coffey,1973-08-05,M,michaelbray@example.com,935549804
18722459,Carolyn,Moore,1998-11-08,F,lewiswendy@example.net,996124436
89020279,Christopher,Hernandez,1988-01-14,M,andrew97@example.com,952593265
86873541,Alexandra,Nichols,1985-04-27,F,eyoung@example.org,940530672
19597923,Janet,Frye,1975-06-18,F,tim63@example.com,913015268
32351733,John,Pierce,1979-05-30,M,mcintyresabrina@example.org,978963863
21957724,Kathleen,Mendez,1970-06-19,M,joel53@example.org,996582698
18149715,Brittany,Moore,1970-06-09,F,lweber@example.net,900897795
17088242,Stephanie,Hensley,1973-04-14,M,leahbrown@example.com,959625283
80453103,Edward,Gutierrez,1997-09-19,M,murraykyle@example.com,984270219
91898393,Kimberly,Jackson,1974-03-13,M,perezangela@example.net,911957492
16660396,Jeffrey,Marquez,1996-09-14,F,lori93@example.net,914276249
28013090,Roy,Alexander,1979-11-29,M,taylortiffany@example.net,904181133
89465095,Danielle,Suarez,1999-06-08,M,qjimenez@example.net,970515863
36633490,Shawn,Beck,1982-10-04,F,matthew12@example.com,990511506
18948894,Susan,Russell,1972-03-07,M,griffinisaac@example.org,950875011
61367786,Jessica,Miller,1997-12-02,F,louislin@example.com,919490016
32274333,Natasha,King,1997-11-11,M,mmartin@example.net,904546269
95722279,Robert,Dominguez,1979-07-10,M,dawsonashley@example.org,904832715
55098956,James,Hernandez,1976-12-10,F,sarahjohnson@example.com,966006874
22548850,Joel,Sawyer,1998-06-28,F,austinrenee@example.net,945193565
97290901,Jessica,Thomas,1987-05-29,M,bobby37@example.org,968193391
62054456,Jared,Elliott,1993-11-02,M,kserrano@example.net,922929650
20691934,Leslie,Anthony,1985-05-23,M,moranjulia@example.net,948580814
59614071,Courtney,Stevens,1989-08-19,F,christopherpeterson@example.net,987089091
93676845,Anne,Franklin,1989-09-30,F,franklinkelly@example.org,956305319
75039336,Melody,Trevino,1981-11-18,F,villegasandrea@example.net,911334625
72643654,Billy,Martin,1981-10-05,F,hilltheresa@example.net,936629486
60985295,Michael,Roberts,1996-01-16,F,micheal74@example.net,934268204
68795325,Wendy,Shea,1981-06-10,M,cruzjeffrey@example.org,935974116
56069698,Kimberly,Schneider,1971-06-15,F,cuevasdavid@example.net,917951196
67382609,Karen,Jordan,1977-08-17,F,john40@example.com,986496569
53471932,Kevin,Blair,1987-10-26,M,martinamber@example.org,997642336
51484515,Michael,Williams,1995-03-27,M,teresa24@example.org,935721460
29647494,Robyn,Byrd,1998-06-17,F,afarrell@example.org,952807612
99278412,Jessica,Cox,1976-09-25,M,umann@example.com,970483003
50806896,Megan,Taylor,1976-03-05,F,taylordickerson@example.org,954989870
13558342,Hunter,Hansen,1981-03-01,M,lmay@example.org,914419502
55565817,Amy,Klein,1999-10-10,M,ltaylor@example.net,994531149
14607754,Antonio,Hobbs,1991-05-10,F,dawn06@example.net,902650711
10093220,Andrew,Newman,1975-09-10,F,tranlynn@example.net,915544287
54876432,John,Ramos,1981-10-04,M,yrowe@example.org,924288776
80335360,Pamela,Hernandez,1999-09-17,F,ycharles@example.net,956025874
38443718,Heather,Garcia,1994-01-16,F,jessicacooper@example.com,984120378
85967624,Rachel,Wood,1971-02-07,F,robert12@example.org,969144280
85363527,Casey,Scott,1983-06-18,M,melinda46@example.net,985625405
39140893,Jennifer,Floyd,1976-11-11,F,freynolds@example.org,984908309
23987662,Carlos,Nelson,1971-06-10,M,drogers@example.net,989383862
28215326,Jacob,Juarez,1988-10-28,M,thomas94@example.org,977405189
49496418,Veronica,Bell,1974-02-28,M,robert71@example.net,937873749
55444659,Robert,Sanchez,1972-02-25,F,allenjennifer@example.org,900617723
55996894,Dawn,Park,1993-02-24,F,jean42@example.net,954078755
89390023,Heather,Simmons,1977-11-04,M,guzmantracy@example.org,939359269
70454618,Tina,Smith,1990-04-24,F,christy63@example.org,940532304
35911248,Spencer,Johnson,1995-11-22,M,lstone@example.org,995990233
45186453,Vanessa,Marsh,1983-03-15,F,thompsonangela@example.org,981811736
10966515,Carolyn,Jenkins,1987-09-22,M,william78@example.net,906191003
90532436,James,Richardson,1978-09-04,M,huntertiffany@example.net,953118721
66786526,Christina,Young,1985-09-27,F,michael99@example.com,984924700
77656823,Michael,Holmes,1974-09-19,F,nlong@example.net,967445457
14330085,Autumn,Crawford,1989-03-03,M,sarah52@example.net,982384926
53296884,Todd,Edwards,1982-08-03,M,rlewis@example.com,911446639
60610147,Anthony,Grant,1970-12-09,M,alyssa46@example.org,945009466
10895207,Craig,Barrett,1983-04-18,F,dweaver@example.org,922803432
28933882,Laura,Johnson,2000-02-02,F,jimmy14@example.net,969796697
48840371,James,Brown,1997-01-31,M,carlsonjennifer@example.net,927294765
53020885,Rebecca,Evans,1996-05-13,M,brianna30@example.net,933290790
83220063,Jeffrey,Holden,1980-01-04,F,johnscharles@example.org,932616019
38081744,Thomas,Kaufman,2000-06-20,F,torresmargaret@example.net,942627161
29801499,Sarah,Wheeler,1975-11-08,M,lisamartin@example.org,967173941
43972780,Joyce,Duncan,2000-10-12,M,nelsonpeggy@example.org,994592793
17678808,Vincent,Burns,1999-05-04,F,tammy55@example.net,950059906
47443066,Maria,Delacruz,1992-06-07,F,daniel07@example.net,909272657
51809320,Cynthia,Fleming,1992-11-08,F,reedjerome@example.org,956423583
72099802,Mark,Mills,1984-04-15,F,tinasmith@example.com,971568384
87966002,Mary,Vargas,1978-11-14,F,gmorgan@example.org,949201459
15268042,Matthew,Hall,1981-03-12,F,jonathankaiser@example.net,972840143
36286504,Kenneth,Taylor,1978-06-02,M,matthewruiz@example.net,936307174
68277750,Sean,Mills,1974-01-21,M,melissamurphy@example.org,984118704
49087672,Michael,Bowen,1971-12-26,M,gabrielasanchez@example.com,966340822
33967971,Gina,Brown,1990-07-21,M,smithkimberly@example.net,968945592
83395655,Ronald,Wheeler,1992-02-20,M,chelseaturner@example.net,937992002
83224256,Briana,Cruz,1978-01-04,M,shelly27@example.org,932738016
72640855,Justin,Dyer,1988-02-20,M,ryan48@example.net,997264149
95176045,Julia,Hicks,1989-02-02,M,rlewis@example.net,900121448
98208660,Tyler,Meyers,1979-06-28,M,valeriejohnson@example.com,958494865
30699925,Kathryn,King,1991-02-12,M,yjohnson@example.org,980527316
66500634,Grace,Holloway,1982-01-28,M,cohendiane@example.org,930446542
12510775,Brian,White,1999-01-24,M,jenniferallen@example.com,964341489
10519765,Danielle,Cox,1981-10-31,M,bduncan@example.net,989494745
44271293,Julia,Sims,1985-03-02,F,sandershannah@example.com,978665516
61359244,Kimberly,Snyder,1985-09-24,M,brandonlopez@example.net,917762463
38480396,Christopher,Dixon,1992-10-14,F,danielslacey@example.net,958032661
98551798,Timothy,Macdonald,1996-11-17,F,daniel73@example.net,927918584
91738970,Mitchell,King,1992-11-08,F,angela42@example.org,978428271
72710169,William,Brown,1992-03-21,M,dharris@example.org,972601010
54977697,James,Anderson,1987-07-16,M,hancockjoel@example.net,918213393
32855758,Molly,Cabrera,1976-07-19,M,vking@example.org,960891427
39565730,Andrew,Bowers,1999-05-09,F,chelsey57@example.net,927392717
59664869,William,Pearson,1996-11-04,F,zsmith@example.com,985098384
67364525,Katie,Chapman,1986-11-05,F,jcox@example.net,949365489
23433974,Gary,Colon,1976-04-13,M,patriciagomez@example.org,973118377
43429546,Frank,Bush,1999-03-24,F,smithallison@example.net,952661744
51042350,Erin,Mitchell,1985-06-22,F,fuentesdebra@example.org,981176066
93683605,Christina,Robinson,1991-03-22,F,bjones@example.net,961575159
74623795,Randy,Pennington,1992-06-26,M,wellsangela@example.org,994210096
41934113,Wendy,Avila,1970-05-23,F,morrisdavid@example.net,983371990
17214560,Samantha,Wong,1979-03-06,F,kathryn49@example.org,978937797
92134990,Greg,Cooper,1974-07-27,M,conneranthony@example.com,995923041
62787629,Robert,Crosby,1974-08-27,M,valentinemeghan@example.org,916649698
76913195,Nathaniel,Gray,1976-06-05,F,frichardson@example.net,940875873
39437644,Zachary,Perry,1980-11-15,M,brooksamanda@example.net,936855530
31244550,Aaron,Kim,1971-03-18,F,april89@example.net,960248301
60290236,Phillip,Jones,2000-03-08,F,angela04@example.net,999210130
66132192,Randy,Morgan,1982-11-07,F,karen91@example.org,948726136
63369950,Bobby,Cannon,1988-08-24,M,lopezkristine@example.org,945868221
56529943,William,Terry,1985-08-11,F,susan43@example.com,977376108
62177330,Elizabeth,Miller,1980-06-28,M,gillbill@example.com,937767295
15846448,Jennifer,Aguilar,1971-01-28,M,gregory97@example.org,986678778
93631717,Jared,Thompson,1998-04-03,M,hardinkevin@example.com,970678954
51671986,Jesse,Berry,1982-05-16,M,richardrodriguez@example.org,991703921
24457612,Stephanie,Hayes,1973-09-19,F,richardsonrichard@example.com,928407904
92534450,Thomas,Bradley,1992-12-03,M,ppark@example.com,913658916
17980530,Michael,Lewis,1984-09-04,M,wwilkerson@example.com,992948369
31775788,Brent,Jones,1975-04-17,M,xyork@example.com,926996540
97289988,Alec,Vasquez,1973-03-12,M,danielle74@example.net,958222740
30468741,Russell,Walker,1977-07-03,F,mark66@example.org,906364535
53186729,Angela,Reed,1998-04-28,F,kara11@example.org,933832907
63768018,Andrew,Jones,1974-02-05,F,cknight@example.net,920950239
94338124,William,Chavez,1977-12-04,M,dgonzales@example.com,947068296
50067665,Monica,Stanley,1982-06-19,M,jlopez@example.net,937249577
68520462,Kiara,Smith,1996-10-26,F,matthewrobinson@example.net,934312028
76346185,Christopher,Anderson,1970-05-25,F,vburton@example.org,983108527
42882838,Jason,Rogers,1972-02-24,F,greenechristopher@example.net,967725699
77777342,Michael,Nelson,1996-10-03,M,david48@example.com,906660620
44060499,Becky,Gonzales,1996-07-23,F,danielferrell@example.org,939412209
50276875,Ryan,Ford,1971-10-22,M,andrew74@example.com,956680182
27398263,Carol,Harvey,1991-05-13,M,rileyhudson@example.com,938629419
67330912,Diamond,Murray,1980-10-24,F,brianhamilton@example.com,907594401
46499817,Sarah,King,1997-11-13,F,igutierrez@example.net,995104841
93689238,Michael,Stephens,1995-12-12,M,kylemyers@example.com,946791054
97625640,Elizabeth,Benson,1988-09-20,M,kimberlyburke@example.com,998763372
14994242,Amanda,Colon,1998-11-11,M,oscar85@example.com,945169496
50370526,Kyle,Wall,1972-10-02,F,jennifer09@example.net,904950353
66105571,Brian,Proctor,1980-05-12,M,kim79@example.org,991322214
35264384,Linda,Perez,1997-01-15,M,brianacalderon@example.org,928307220
42676051,Jonathan,Parker,1995-02-22,F,dlandry@example.com,993225649
60791058,Katherine,Rodriguez,1978-05-26,F,vstokes@example.org,980426621
65345457,Lauren,Mclaughlin,1983-05-02,F,fmarshall@example.com,925669107
19786700,Jaime,Rodriguez,1999-11-10,F,janicenash@example.net,973559865
15540228,Larry,Thomas,1998-01-29,M,carmen33@example.net,936787343
27046219,Christopher,Miller,1990-12-22,M,hartpatricia@example.net,901768558
37767799,Kyle,Gray,1990-06-06,F,reginamullins@example.net,964768171
47566563,Danielle,Lawson,1980-05-02,F,donaldsonkristina@example.org,979240463
62279845,James,Leon,1998-07-14,M,stephensilva@example.com,973502076
84221108,Anthony,Cardenas,1977-12-02,M,qmiller@example.org,978333751
46332082,Kristina,Cobb,2000-07-24,M,kcummings@example.org,916943036
43929518,Chris,Welch,1997-10-03,F,sean45@example.org,934366878
99884995,Crystal,Vargas,1997-07-05,M,mark97@example.net,931438151
55083363,Ryan,Crawford,1972-02-27,M,pjenkins@example.com,971131650
12211104,Joshua,Arnold,1970-09-07,M,ashleypruitt@example.net,921603418
69340768,Amber,Velazquez,2000-12-06,M,wendyhansen@example.org,925250750
89445354,Thomas,Nichols,1991-10-25,M,harmonlaura@example.com,980455491
95484562,Shelly,Santos,1997-04-22,M,michaelmartin@example.com,991596593
45941606,Nicholas,Mcdowell,1996-01-12,F,timothy85@example.org,916350861
28210441,Jeffery,Cole,1985-02-23,F,brandy33@example.org,984848009
34152320,Jeffrey,Carney,1985-12-25,M,juliafisher@example.net,942436273
96049307,Stephanie,Rhodes,1974-07-31,F,allensusan@example.com,966337780
63515519,Rodney,French,1981-11-29,F,beltranlisa@example.org,904276547
47190947,Andrew,Kelley,1993-09-02,F,xharrison@example.com,930399252
76258026,Ashley,Richards,1977-07-27,F,austin18@example.com,937182444
81043582,Haley,Smith,1974-04-30,F,lhobbs@example.com,998771773
33091167,Jose,Nelson,1993-01-20,M,sarah89@example.net,912167810
43516664,Laura,Brown,2000-07-22,M,matthew00@example.com,957697708
58782140,Jennifer,Johnson,1997-01-18,F,gonzalezcindy@example.org,990101874
32873932,Jerry,Odom,1978-04-15,F,patrickzamora@example.net,944494404
86700557,Joshua,Clark,1980-06-16,F,dorseybrittany@example.org,961768427
35143514,Christopher,Watson,1978-11-15,F,ericamosley@example.com,988951541
53172017,Bruce,Mclean,1975-08-15,F,danielgalloway@example.org,936708301
39515667,David,Jarvis,1992-11-07,F,bethsheppard@example.com,908260080
37272542,Brian,Russell,1992-02-13,M,amy63@example.org,912156467
61531733,Marc,Fernandez,1981-07-20,M,christopherwells@example.org,982263935
99604845,Madison,Solis,1974-08-19,F,alanirwin@example.net,957213691
82695746,Timothy,Mills,1984-02-04,F,sarah23@example.com,921666056
31227867,Anthony,Ramirez,1983-12-30,F,gonzalezwilliam@example.net,923194941
38397900,Billy,Romero,1992-01-09,F,kfreeman@example.net,992080497
20904142,Juan,Peters,1997-02-04,F,waltermorgan@example.com,931294032
20740829,Regina,Bishop,1981-08-07,F,williamsherman@example.net,933129705
65871764,Robin,Ford,1989-05-30,M,emily55@example.org,902960006
57385829,Tyrone,Sandoval,1986-11-08,F,lirhonda@example.com,902090730
73685112,Roberta,Sandoval,1976-09-09,F,sandra42@example.net,934417783
66232508,Alexandria,Holmes,1979-10-20,F,mahoneyronald@example.net,934762335
71958999,Carl,Morris,1980-03-23,F,hayesjennifer@example.net,965870468
22717363,Billy,Sanchez,1973-04-26,F,acook@example.com,925419198
10673238,Miranda,Anderson,1970-07-25,M,jacksonalexander@example.net,909751457
68205917,Kristy,Christensen,1986-08-20,M,umcdowell@example.org,957392548
54909302,Jeffrey,Robertson,1975-11-28,M,robertsmatthew@example.org,931230602
24191980,Rickey,Underwood,1996-12-17,M,hrobertson@example.org,937451205
74436887,Jeremy,Leon,1984-09-05,F,michelle18@example.org,983253241
77236826,Victor,Buchanan,1970-09-17,M,russell47@example.org,948713299
35086000,David,Brown,1977-12-14,F,ajackson@example.com,976466559
52031504,Scott,Little,1985-10-02,F,vschmidt@example.org,902802752
88139601,Jennifer,Romero,1987-05-26,F,kirbymichael@example.net,937219615
90988501,John,Mcdowell,1993-03-20,M,cpowell@example.org,969759447
37398836,Meghan,Baxter,1974-07-06,M,rdunn@example.org,988338492
15045835,Christina,Brown,1982-12-22,F,diazchristopher@example.org,913940711
66738991,Kimberly,Boyd,1985-12-30,M,tammysuarez@example.org,929428993
22813503,Robert,Mckinney,1972-05-18,M,vdunn@example.com,919623007
92391800,Kevin,Hernandez,1975-04-20,F,matthew86@example.net,987747762
71843702,Eric,Bennett,1978-03-29,F,erichenry@example.net,957277743
17612826,Tracy,Wells,1994-12-18,M,rhuffman@example.net,925103884
11058047,Kristi,Mccarthy,1994-05-05,M,madeline03@example.org,965825517
19131780,Bryan,Fowler,2000-07-27,M,raytyler@example.net,968862329
74714604,Elizabeth,Cannon,1987-02-10,M,vmckee@example.org,909187310
24155163,Kaylee,Rice,1976-03-19,F,ybaxter@example.org,981626220
70211382,Michael,Cooley,1988-02-09,M,danielberger@example.net,908294030
88374514,Laurie,Sanchez,1979-08-24,M,danielweber@example.net,991222517
40739568,Jill,Ramirez,1970-10-10,M,fmontgomery@example.org,974368341
10454094,Kelsey,Franklin,1973-09-28,F,sean87@example.com,993415756
65478591,Kyle,Johnson,1998-05-05,F,nicole45@example.net,929211943
65180671,Martin,Lowery,1977-07-31,F,moniquehopkins@example.com,921295239
37157020,Steven,Barnes,1981-09-27,M,brownmary@example.org,944964425
13300160,Sabrina,Carlson,1972-07-29,M,dwheeler@example.net,936991082
63886155,Danielle,Pitts,1980-01-20,M,nthompson@example.org,953273713
82777106,Louis,Jones,1990-05-02,F,codystewart@example.net,975760816
21557036,Alexandria,Fisher,1983-08-21,F,fkennedy@example.org,903650630
19142057,Jonathan,Collins,1984-08-09,M,alexander07@example.com,921622653
79287824,Lisa,Perez,1972-06-06,F,johnsonjoseph@example.org,977333859
47882836,Benjamin,Taylor,1985-04-01,F,williamtucker@example.net,922346530
11101784,Jeremy,Miller,1993-03-19,F,troyrobinson@example.org,903966771
66949479,Kimberly,Spencer,1998-06-11,M,thomas17@example.net,979022004
11003217,Joshua,Martinez,1976-01-28,M,matkins@example.org,982275841
50261169,Jennifer,Duncan,1987-10-13,F,wavery@example.com,912067014
43003262,Luis,Daniels,1981-01-17,M,jameshale@example.com,982320413
85017180,Chelsea,Cole,1999-07-24,M,john22@example.org,974106114
30109987,Brandon,Young,1975-05-27,F,anitagregory@example.com,969050462
65844671,Lauren,Burton,2000-05-14,M,vasquezeric@example.org,913176716
87201940,Joshua,Martinez,1988-11-16,F,danielfisher@example.com,912716206
55604104,David,Curry,1989-02-04,M,deborahcarroll@example.com,921580667
92205624,Stacey,Schmidt,1996-12-12,M,nguyenian@example.net,935590793
82853178,Rodney,Rose,1987-03-12,F,daniellesheppard@example.com,934135646
86981228,Cheyenne,King,1970-12-02,M,jaredarnold@example.com,999878393
29038341,Jaime,Bryant,1990-04-15,F,tromero@example.org,950890929
25577535,Steven,Reyes,1997-02-03,F,billyhorton@example.com,947771926
93555069,John,Baker,1975-07-03,F,jeffery33@example.com,957835799
40740848,Brandon,Hart,1975-02-21,M,john75@example.net,953244696
73389863,Andrew,Dodson,1997-06-01,M,joseph15@example.net,937223662
54354402,Terrence,Baker,1972-03-24,M,michaeltorres@example.org,974406562
33634234,Megan,Hughes,1991-02-14,M,yhansen@example.net,975400277
55484127,Mary,Carroll,1990-11-16,F,danielanthony@example.com,910042599
51695910,John,King,1998-12-13,M,hebertjohn@example.net,972299080
54413630,David,Huang,1987-08-11,M,finleyanna@example.org,994603476
10850191,Brian,Brewer,1997-04-25,F,thomas08@example.net,935323590
81804364,Anthony,Smith,1995-01-06,F,james71@example.net,995520458
73590457,Ryan,Chandler,1996-03-07,M,mooreamy@example.net,960908818
62277987,Lauren,Blankenship,1982-03-24,M,allen48@example.org,901955174
53422367,Johnathan,Pham,1981-09-01,F,diane34@example.com,994027713
19191940,Ernest,Keller,1984-07-03,F,timothy14@example.com,931287826
68451867,James,Cohen,1991-07-25,M,martin88@example.net,988551991
50591958,Samuel,Holden,1995-04-05,M,justinmejia@example.org,954836289
74212098,Nicholas,Wilkerson,1980-08-16,M,omoon@example.net,950120718
50141876,Bryan,Strong,1985-08-06,M,ashleysmith@example.net,901869253
34882574,Carmen,Black,1976-12-19,F,martinjohn@example.net,913051847
61812251,Bruce,Adams,1979-08-25,M,mitchellkrystal@example.net,909271872
30403039,Cassandra,Collins,1971-12-17,M,xward@example.net,995140580
85271723,Sarah,Foster,1990-06-01,M,jill02@example.net,914135551
28180921,Martin,Lewis,1971-06-25,M,daniel22@example.com,927845499
48479433,Hannah,Garcia,1972-02-29,M,jeremy97@example.org,981278781
29788333,Kenneth,Moore,1971-08-31,F,haleygray@example.com,956687660
88962873,Sheila,Morris,1972-06-22,F,josephwilson@example.com,950380406
67558252,Mary,Coleman,1978-04-06,M,smithallen@example.net,932867941
85415556,Shirley,Wilson,1985-09-29,F,amaldonado@example.com,964594923
50817018,Adam,Olson,1984-02-12,M,andrewwright@example.com,943901949
53112473,Jennifer,Jackson,1990-09-01,M,levyjennifer@example.net,911272493
37674835,Sarah,Levy,1973-08-16,M,crystalgonzalez@example.org,969573863
87910449,Teresa,Holmes,1987-03-09,F,rfisher@example.org,983353472
99416054,Amanda,Brown,2000-08-03,M,dustinscott@example.net,952770798
92481577,Brandon,Martin,2000-03-17,M,brentreed@example.org,974639023
90947563,Jerry,Reed,1994-03-01,M,danieljackson@example.com,962836011
71066073,Kevin,Walsh,1979-11-30,F,fowlerchristina@example.org,988897976
11124677,Carol,Ward,1986-11-28,M,jenniferkirk@example.org,960603734
94091524,Janet,Cox,1978-01-07,F,melissa41@example.com,996526056
36129445,Nicole,Graham,1998-11-13,F,xbranch@example.net,976860966
58267995,Deborah,Smith,1979-08-17,F,abennett@example.org,947626564
58801000,Ashley,Fernandez,1986-07-19,M,fking@example.net,996217019
55644667,Anthony,Brown,1980-02-16,F,karenlindsey@example.net,918170902
91872712,Brooke,Gonzalez,1973-09-22,M,rrogers@example.com,918561081
53666853,Dorothy,Bass,1980-09-23,F,campbellkaitlin@example.net,911777331
91366315,Meghan,Fischer,1988-08-17,F,zmunoz@example.org,955511086
98350732,William,Ramirez,1988-03-19,M,stacey06@example.com,900214734
29722731,Cheryl,Elliott,1979-01-07,F,chelseatran@example.net,920255110
71879939,Kimberly,Grant,1990-06-25,F,wanda27@example.com,958036641
45592565,Michael,Richardson,1985-06-01,M,karawilson@example.net,992690689
16474243,Emma,Roach,1973-11-24,F,hroy@example.com,911010742
64973303,Alyssa,Gutierrez,1994-03-21,M,mrowland@example.com,983138932
18057372,Michael,Stevens,1977-12-04,F,millertyler@example.org,952020107
98385364,Beth,King,1977-06-26,M,wgonzalez@example.org,989036444
55120468,Elizabeth,Keller,1972-11-09,F,georgevincent@example.net,991345057
47731602,Jessica,Davis,1979-03-05,M,nancy91@example.com,975276135
14002978,Cheryl,Thomas,1993-11-28,M,james20@example.com,974539029
86999360,David,Atkins,1975-11-29,F,janice07@example.com,916624402
84651112,Jonathan,Edwards,2000-10-04,F,sheryljohnson@example.net,959042487
93044201,Alicia,Hart,1985-08-12,F,cameron46@example.net,942095689
79851000,Nicole,Oconnor,1985-05-02,M,whitekelly@example.com,939685348
50381624,Eric,Evans,1981-07-12,M,guzmantimothy@example.org,955686313
97846878,Lisa,Prince,1995-06-28,M,amanda00@example.net,902377311
40184433,April,Robinson,1978-12-14,F,waynejackson@example.org,977015222
33834521,Angela,Moore,1971-09-29,M,moonmegan@example.net,991756080
91273997,Adam,Brewer,1992-01-16,M,michaeljones@example.net,940315670
79095654,Hannah,Neal,1970-02-17,F,clarkamy@example.com,967551798
58984877,Adrian,Morrison,1978-05-01,M,markblair@example.net,926837689
20622669,Justin,Sherman,1970-12-29,M,heatherwhitney@example.com,947027411
44832536,Raymond,Harrington,1976-08-25,M,garciachristopher@example.com,977712641
45959318,Vincent,Gates,1996-07-22,F,jerrylambert@example.net,953859711
69617235,Susan,Wright,1983-10-21,M,barry02@example.net,953182043
31630572,Jessica,Knight,1991-02-12,F,xavier52@example.org,935562553
11431021,Ann,Cooper,1998-04-18,M,amorgan@example.com,904576824
73959712,Michael,Mitchell,1971-05-30,M,rreyes@example.com,945297308
31392873,Annette,Allen,1991-02-04,M,qhayes@example.org,933596206
44125084,Karla,Ayers,1992-02-07,F,rebecca31@example.com,965141788
10806223,Monica,Moore,1974-04-02,F,nwright@example.net,949497542
43873213,Stephen,Stevens,1972-03-22,F,benjamin01@example.org,909758558
13169547,Thomas,Smith,1997-06-25,M,lawrenceanne@example.org,904600640
48181508,Nathan,Torres,1971-01-25,F,hhurst@example.com,982947081
97992550,Bobby,Bennett,1996-07-25,F,reneeboyd@example.net,912515021
76923394,Molly,Hayes,1987-11-25,M,lbrewer@example.net,950382961
29600068,Gabriel,Schneider,1996-06-22,M,xallen@example.org,991735954
81000789,Brenda,Butler,1982-07-22,F,yvilla@example.com,933795510
22962261,James,Gordon,1974-11-12,F,zbarton@example.net,948829818
93370052,David,Jensen,1998-01-02,F,mitchellmaxwell@example.net,970656221
11445695,Jennifer,Trevino,1988-04-11,F,justin94@example.com,923961511
31693372,Dennis,Alexander,1999-09-19,M,twilson@example.com,948543464
88515373,Rebecca,Rodriguez,1993-12-31,M,troy11@example.org,909745421
88995214,Janet,Ryan,1992-07-03,M,elizabeth15@example.org,978785034
13548704,Manuel,Cisneros,1992-10-20,F,cooperkaren@example.org,999085615
99586111,Michael,Graham,1997-06-26,F,andrewwhitehead@example.net,969493813
22981705,Linda,Russell,1979-01-03,M,joseowens@example.net,976907602
13726178,Rebecca,Tucker,1994-06-19,M,sarahhester@example.org,930165392
89936164,Kenneth,Green,1997-03-07,M,debra75@example.net,920323615
58072874,Joseph,Dunn,1998-02-21,M,frederick29@example.org,948301209
77121100,Jennifer,Burns,1994-12-28,F,cassandrabrennan@example.org,921746818
43023686,Jessica,Taylor,1996-05-01,F,yedwards@example.net,904246380
39642483,Nicholas,Rodgers,1990-11-29,F,alexandervasquez@example.com,970972803
62226840,Charles,Fisher,1989-01-30,F,whenderson@example.com,990586417
17998369,Brian,Burton,1971-10-06,F,ashleypage@example.net,991735114
27934803,Roger,Peck,1977-11-25,M,kyates@example.org,923797422
40407053,Sara,Hickman,1974-05-30,F,pagechristine@example.org,932730382
62135709,Margaret,Stewart,2000-05-05,M,stanley53@example.org,917139482
71036049,Steven,Nichols,1981-03-18,M,mendozapaul@example.com,976978930
70860462,Denise,Guerrero,1974-12-02,M,pkelly@example.net,940862044
70582625,David,Moore,1998-12-25,M,bwiley@example.net,940820379
22903417,Timothy,Moran,1990-10-11,F,charlesfinley@example.org,922557777
30593120,Cindy,Spencer,1991-03-18,M,jgreen@example.com,913834979
33451836,Sandra,Myers,1970-03-13,F,allison50@example.net,955533573
14602442,Michael,Harris,1985-05-18,M,newtonjay@example.com,935630618
61777514,Emily,Wallace,2000-11-26,M,brittany37@example.org,938229551
91554886,Gabriel,Delgado,1998-04-12,F,coxnicholas@example.com,914118712
30596179,Danielle,Morgan,1982-02-15,F,maciasrachel@example.net,998151706
48528890,Andrea,Smith,2000-08-28,M,ethanlucero@example.net,981398477
82651308,Stephanie,Berry,1992-12-02,M,chunter@example.org,957329380
66020721,Tony,Kane,1978-01-18,F,apatrick@example.com,960377779
23915457,Charlotte,Williams,1982-07-30,F,briansparks@example.com,901081988
45829539,Sandra,Ward,1985-05-25,M,brownrobert@example.com,996009387
92789863,Christine,Banks,2000-08-06,F,dgarcia@example.net,952801815
26771696,Nathaniel,Dickson,1999-01-28,M,reginaldbrown@example.net,965211546
40600798,Natalie,Rodriguez,1977-05-03,F,hkent@example.org,957707816
13823144,Linda,Miller,1993-02-15,M,andrew25@example.org,912799144
61506181,Paul,Vargas,1970-02-25,F,abbotttimothy@example.com,965678741
30281208,Colin,Lloyd,1992-12-05,F,masonjames@example.com,965632676
53000007,Donna,Moore,1989-06-08,F,mooreroger@example.com,949022864
37896254,Gary,Schaefer,1970-10-17,F,antonionelson@example.com,914937691
31968085,Gary,Little,1987-08-30,M,gregory65@example.org,991569085
19185536,Gregory,Brooks,1970-09-08,M,williamrose@example.net,938464415
24312672,Damon,Baker,1976-10-26,F,jeffreybishop@example.org,931955958
88081908,Randall,Roth,1993-07-01,F,holderandrew@example.com,985040858
34520782,Martha,Morales,1973-06-22,F,stephenthomas@example.org,903741346
38786451,Sharon,Rose,1977-04-02,F,jacksonrichard@example.org,941753744
40575106,Jeffrey,Wiggins,1984-04-20,M,xbautista@example.net,987967261
68453881,Jeffrey,Logan,1979-12-17,F,vazquezfrank@example.org,929122860
99936177,Michelle,Lewis,1979-11-28,F,frank04@example.org,946873766
78574832,Matthew,Crawford,1994-06-07,F,anna95@example.com,906052180
61512578,Jacob,Liu,1987-11-05,F,sean34@example.com,969616401
36515583,Kimberly,Foster,1970-12-05,F,xjones@example.org,971187619
51249153,Jennifer,Berg,1986-08-15,M,molinamelissa@example.net,965373678
77872612,Jennifer,Atkins,1995-11-17,M,dustinreyes@example.org,925629415
72104038,Michelle,Parrish,2000-07-15,F,kleinroberta@example.com,950615571
67646973,Blake,Hughes,1973-05-06,M,angelica65@example.com,928774054
76953046,Brandon,Reese,1987-03-25,F,lawsonjoshua@example.org,976255146
25185336,Anthony,White,1979-05-29,F,danaparker@example.net,974559791
72637560,Paige,Richardson,1986-10-19,F,william70@example.org,952083795
47764866,Peggy,James,1980-12-25,F,tgarrison@example.org,969956657
72928444,Tina,Pena,1988-09-25,F,haley73@example.com,909625582
39128661,Michelle,Davis,1989-05-20,F,jonathan52@example.com,959265506
22090058,Elizabeth,Frost,1983-03-07,M,adamsaaron@example.net,988172510
78051917,Jennifer,Miller,1988-04-06,M,zgonzales@example.com,954569371
31578613,Sarah,Ramirez,1984-03-11,F,reginamartin@example.org,904015640
96348631,Kathleen,Franklin,1972-10-31,M,richard02@example.org,947865963
94467636,Gary,Velazquez,1987-12-28,F,grantjessica@example.net,968116972
44012182,Amy,Lopez,2000-11-06,M,omarparks@example.org,922046158
47231393,Michael,Pacheco,1997-05-16,F,ypratt@example.com,938786449
78580080,Sandra,Sampson,1972-12-05,F,kelly14@example.net,976357746
83927794,Stephen,Boyd,1998-04-07,M,raymondsanchez@example.com,938296346
12205112,Derek,Stewart,1991-05-05,F,kennethhendricks@example.org,984879573
16839812,Stacy,Lam,1970-10-08,F,hursttracy@example.net,958216491
10803518,David,Frederick,1995-03-26,M,edwardperry@example.org,933682391
79668937,Laura,Kelly,1976-02-28,M,rogerstina@example.com,925746263
41579837,Jason,Fox,1985-12-18,M,kathleen41@example.com,923551156
46390726,Brandon,Keller,1975-05-20,F,bryantsuzanne@example.org,975281955
61234972,Matthew,Johnson,1986-02-06,F,marshalljessica@example.org,921906432
33111282,Tyler,Rodriguez,1982-10-17,F,ortegagregory@example.net,958926774
50432878,Angela,Richardson,2000-02-13,F,tmelendez@example.net,948652085
29145063,Michelle,Fisher,1997-02-11,F,lunamargaret@example.net,914701832
78687611,Brenda,Carter,1974-06-19,M,ngardner@example.org,949998005
47292826,Dennis,Martin,2000-12-26,M,wallsemily@example.com,928209933
64147384,Dean,Montoya,1970-11-18,M,lkennedy@example.net,922502101
11243831,Joe,Wright,1999-01-14,F,carrolldavid@example.net,929829256
74407376,Amanda,Osborn,1976-01-26,M,virginiagomez@example.org,923918722
57934503,Kevin,Jordan,1974-06-26,F,cathygates@example.com,912849811
69634226,Robert,Norton,1972-01-31,M,lsantiago@example.net,920809008
96155814,Daniel,Neal,1998-02-21,F,johnball@example.net,949766657
77131929,Cameron,Grimes,1998-08-28,F,tylerbrown@example.com,954887316
60336489,Anna,Mcconnell,1994-01-28,M,tammywilson@example.net,956663737
23033653,Heidi,Nolan,1970-04-02,M,jasminevance@example.org,919665840
44189166,Manuel,Ray,1977-04-21,M,kimibarra@example.org,999810147
10243155,Kari,Mcgee,1975-06-14,F,martinmathew@example.org,986539068
14731733,Lisa,Smith,1990-07-17,M,bgarcia@example.org,989540216
94303319,Keith,Rowe,1977-09-06,M,teresa44@example.com,993073045
11385296,Eric,Sawyer,1993-12-27,F,sarah69@example.org,985483474
49307554,Amy,Salinas,1987-01-04,M,rmcdaniel@example.net,926426541
57314884,Carol,Cooke,1977-06-05,F,apollard@example.org,973145538
31812963,Nicholas,Martinez,1976-06-25,M,crawfordashley@example.org,976056275
76111776,Brittany,Fleming,1995-07-03,F,chavezrebecca@example.org,973562232
91361927,Katie,Donovan,1991-01-19,M,curtisgeorge@example.org,912080277
28847182,Melinda,Walker,1976-11-16,F,yblankenship@example.org,946950813
12948619,Laurie,Young,1971-03-26,M,asanchez@example.org,983486982
93146528,Donna,Johnson,1982-07-18,M,jeffrey75@example.com,969713004
64397106,Amanda,Watson,1973-11-07,M,tina28@example.net,915622388
91462126,Pamela,Ramirez,2000-11-18,M,jeffreybrady@example.com,930937788
35104768,Ashley,Taylor,1971-04-06,M,angelashaffer@example.org,923226655
95580793,Heather,Gomez,1999-12-06,M,tanya86@example.org,933240572
89550790,Kyle,Haley,1997-10-26,F,donna44@example.net,926657936
40465325,Bruce,Gray,1973-09-10,F,theresamartin@example.com,900223841
73536710,Jesus,Coleman,1973-06-14,M,jessicachen@example.com,950733367
27560958,Jonathan,Dickson,1998-07-25,F,jeremy98@example.com,923336370
52717951,Justin,Thompson,1998-03-17,F,michelle95@example.net,925947831
81036549,Stephen,Griffith,1999-11-20,F,diana83@example.net,930008907
87113176,Katherine,Reed,1974-05-15,M,ivaldez@example.net,924020593
13191400,Austin,Acosta,1981-08-26,M,william37@example.net,917963344
92854685,Paige,Carlson,1975-05-27,M,timothy36@example.com,933001064
28866639,Mark,Haynes,1984-01-02,M,rstein@example.org,957250100
27413604,Gabriela,Dean,1982-10-21,M,mark33@example.org,968759450
56584954,Mary,Shaw,1990-06-14,M,tonyvelez@example.com,900856784
49058217,Sherry,Maldonado,1990-04-12,F,justinbutler@example.org,970402215
92223609,Patrick,Hughes,1974-05-18,F,davidgarza@example.org,977829370
62071418,Kari,Stewart,1992-02-15,F,hwells@example.com,961158979
54008261,Frederick,Rojas,1971-08-10,M,traci76@example.com,976406777
12388939,Randy,Thomas,1972-10-23,M,kathrynreilly@example.org,914890106
99138434,Debra,Wu,1988-10-31,F,robertortiz@example.org,913261927
56123568,Brittany,Clarke,1973-06-16,M,garciadonald@example.net,983606771
10166850,Angela,King,1986-08-15,M,eford@example.org,981583120
90379476,Thomas,Martinez,1989-03-15,M,kbrown@example.net,948069455
52767058,Amber,Clayton,1972-01-23,F,robinreyes@example.org,995183878
85658380,Jennifer,Baldwin,1993-07-23,F,thomas23@example.org,976160257
31128437,Kenneth,Clark,1976-03-08,M,shermanpamela@example.net,946262839
23880994,Kenneth,Hayes,1979-07-27,M,johnsontroy@example.com,924903580
72343066,Cassandra,Bush,1987-10-20,F,brownevan@example.org,949886229
83005968,John,Wolfe,1999-09-14,F,julie30@example.net,919677787
27262625,Jennifer,Gardner,1981-04-11,F,westjennifer@example.org,941653660
34554161,Gabriella,Marshall,1970-03-28,M,andreafisher@example.net,900908864
41042821,Albert,Campbell,1977-09-24,M,hunteralexander@example.org,992394335
88032582,Brett,Martin,1997-08-01,M,ijones@example.com,995659234
45018990,Tamara,Anderson,1988-01-18,F,hprice@example.com,968686728
73291231,Jennifer,Gonzalez,1997-11-13,M,floydamanda@example.com,972738103
42454924,April,Martinez,1992-04-21,F,jenniferrosales@example.com,931500603
63058987,Katie,Griffith,1992-06-12,M,seandyer@example.net,924588159
17462833,Andre,Pearson,1994-02-18,F,ysalas@example.com,975246468
67513584,Blake,Miles,1998-01-21,F,vmurphy@example.org,933189888
19015992,Becky,Jenkins,1982-08-07,M,elizabethwillis@example.net,940253959
24792189,Amanda,Tapia,1994-07-05,M,scottford@example.org,971854979
63378865,Jessica,Mcintosh,1972-02-13,F,deborah11@example.com,900448856
31234190,Veronica,Thomas,1995-12-07,M,victoriabenitez@example.org,963985470
15271612,Evan,Carey,1974-07-22,F,travisnorris@example.com,923688661
54418158,Darin,Gray,1987-09-15,M,brandonlee@example.com,940836931
18938272,Todd,Bruce,1971-12-28,M,elijah14@example.com,972475436
86383653,John,Cook,1971-01-05,F,lewiscrystal@example.org,919346986
75676814,Lisa,Brown,1990-12-22,F,adam12@example.net,921997845
10310212,Martha,Gibbs,2000-02-01,M,kaitlyn47@example.org,912239270
64108006,Michelle,Hawkins,1986-03-31,M,thompsonaaron@example.com,950930365
40828618,Tim,Cameron,1981-02-03,F,katherinemartin@example.net,981598190
73553329,Tamara,Johnson,1974-04-20,M,yjackson@example.org,908686406
92222185,Karen,Garcia,1992-03-12,F,christopherbrown@example.org,958060565
12441085,Felicia,Crosby,1988-12-18,M,kellylopez@example.org,981592364
80500915,Leah,Alexander,1979-11-10,F,vstout@example.org,914615378
97036383,David,Gonzalez,1990-03-09,M,zdavis@example.org,912578130
13053906,Miranda,Frank,1985-06-13,F,brittneythompson@example.com,904632590
48831120,Daniel,Evans,1999-12-08,M,tgardner@example.org,972808821
15919865,Steven,Carter,1980-11-13,M,amanda17@example.net,980721692
96713393,Christopher,Brown,1974-07-22,M,gloria50@example.org,928256365
33326143,Robin,Greer,1984-11-08,F,ashley74@example.net,937538140
31984677,Timothy,Barrett,1989-02-28,M,brownsean@example.net,997235549
85125032,Paul,Mendoza,1993-04-10,F,torresmelissa@example.com,936014750
31793455,Mark,Garcia,1998-08-28,M,mary42@example.com,930041956
87703395,Michelle,Mendoza,1990-12-25,F,bridgestony@example.com,923756299
41954431,Judith,Lowery,1979-09-26,M,peter04@example.net,968725166
18227007,Steven,Smith,1997-11-04,F,martharichardson@example.com,904371102
61604512,Rachel,Curry,1978-09-07,M,nancylewis@example.com,993151258
45875073,Eric,Crawford,1989-10-16,M,lestertina@example.com,939786519
22461744,Michael,Hall,1976-01-26,F,bankskatherine@example.net,933054473
73887812,Mark,Vaughan,1982-04-07,F,lisa30@example.net,942256125
30528721,Sean,Boyd,1989-08-31,F,cookdouglas@example.com,924854463
12661328,Sandra,Ferguson,1988-10-02,M,dthompson@example.org,953690145
14156938,Kenneth,Harris,1992-02-29,M,parkerrodriguez@example.net,924347068
36005184,Kelsey,Lee,2000-06-11,F,brianshaw@example.org,916231065
25901423,Steven,Glass,1972-06-25,F,dcook@example.net,958797016
58401888,Nathan,Ward,1989-09-01,M,jennifer39@example.net,989352173
54510301,John,Cook,1976-08-01,M,parsonsnichole@example.net,947747916
98325328,Stephanie,Wilson,1984-07-08,F,rebecca85@example.net,967460499
95769728,Veronica,Brown,1990-05-01,F,michael06@example.com,992188958
59336822,Megan,Smith,1988-02-18,M,imontgomery@example.org,992234854
94217506,Erica,Ball,1990-07-25,M,tonyaflores@example.net,923335997
77005207,Adam,Clements,1978-11-20,M,douglas13@example.com,909319743
47746211,Haley,Greene,1993-05-29,M,ryanbrady@example.org,915046958
24124664,Morgan,Benitez,1970-05-12,F,emartin@example.org,975836499
43484970,Dalton,Rodriguez,1982-01-11,M,shelby33@example.com,970962629
67270481,Catherine,Jordan,1977-03-10,F,steven54@example.org,992311387
28335224,Andrew,Stanton,1997-01-05,F,robert78@example.org,912685763
96283674,Christopher,Turner,1990-07-14,M,tanyajones@example.org,972529345
97536549,Kimberly,Fletcher,1993-05-08,M,ffernandez@example.net,930175748
36976690,James,Cruz,1986-04-09,F,rebecca27@example.org,951791410
31316314,Charles,Haas,1995-07-06,M,laura08@example.com,939572611
24279146,David,Wilson,1970-11-18,M,blanchardjulia@example.org,965169576
61657354,Robert,Medina,1992-01-03,M,robinsonlydia@example.org,900662276
50118262,Cynthia,Santana,1971-01-07,M,taylornatalie@example.net,992177415
17126045,Jessica,Garcia,1977-08-12,F,lisa53@example.org,957474734
77306094,Michael,Tucker,1973-09-26,F,millerjohn@example.net,999998966
61089157,Darlene,Anderson,1996-08-08,M,kayleekennedy@example.net,999893957
10047594,Kathleen,Brown,1995-03-13,M,adamscharles@example.org,995594326
34726172,Michael,Hudson,1992-07-14,M,matthewmcgee@example.com,960932039
33240376,Kimberly,Salas,1986-08-13,F,kimberly02@example.net,937839801
47518755,Jennifer,Garza,1987-01-31,F,tina87@example.net,986887773
63651206,Nathan,White,1997-07-09,F,mary83@example.net,996868361
90719367,Amanda,Shepherd,1985-05-30,F,yortiz@example.org,902986821
85313925,Carolyn,Shaffer,1992-05-25,F,okelley@example.org,950626871
19933504,Jerome,Miller,1995-10-23,M,emily08@example.net,926147631
41031842,Keith,Roberts,1980-12-23,F,halljoseph@example.com,903724720
85236989,Joseph,Porter,1978-04-19,M,victoriapennington@example.com,981238859
60184341,Derrick,Carpenter,1971-05-22,M,ewilliams@example.net,906630193
76614174,Sierra,Evans,1973-09-29,F,kayla43@example.com,976365110
31031310,Jerry,Torres,1979-08-19,M,sandramendez@example.org,931538154
79701425,Jennifer,Lee,1973-09-27,M,colecynthia@example.org,981947607
59669333,Donna,Wilson,1989-01-10,M,reyestrevor@example.org,972013959
45808634,Courtney,Petty,1987-02-19,F,gtrevino@example.com,981513450
83444208,Zachary,Taylor,1998-02-10,F,michaelerickson@example.net,956379469
83867310,Eric,Rivers,1997-12-25,M,garymarshall@example.com,975780602
62077900,Todd,Kane,1993-01-30,M,hbrown@example.org,905281177
89158133,Kimberly,Sweeney,1998-08-05,M,swilliams@example.com,969512320
72035580,Jeffery,Ellison,1978-12-11,M,cardenaslouis@example.com,968123310
74984099,David,Curtis,1997-01-03,F,juliemiller@example.com,964964006
42977861,Troy,Levine,1991-09-09,M,wisejoseph@example.net,944496917
73189439,Julia,Robertson,1987-04-06,M,anita20@example.net,904930779
94732786,Thomas,Parks,1992-08-24,M,dustin69@example.net,978250080
48067300,Crystal,Morris,1981-04-25,M,dylanbrewer@example.org,950569045
15412741,Arthur,Booker,1999-11-24,F,morganmichael@example.com,917117163
50513632,Paul,Dougherty,1978-05-19,F,housedawn@example.net,983818864
91292987,Lisa,Goodwin,1982-07-08,M,gcook@example.net,930435620
16007409,Luis,Mcguire,1995-06-07,M,martinashley@example.com,980463937
39582725,Ashley,Frost,1998-11-15,F,sarah75@example.com,957471257
37856289,Dustin,Harris,1995-11-17,M,shannon15@example.org,941108368
83750944,Chad,Oliver,1999-02-08,M,uchapman@example.org,971356252
78001389,Phillip,Reid,1988-12-19,F,jacquelinehouston@example.net,907856331
88380563,Amanda,Drake,1997-09-04,F,dennis64@example.org,996484947
31674159,Derrick,Moody,1977-11-05,M,sarah92@example.org,964218983
77976155,Michelle,Williams,1994-10-23,F,michael89@example.com,909859101
22537320,Keith,Sanchez,1972-04-12,F,mary79@example.com,989884907
44482270,Katie,Schultz,1970-07-03,M,ramosrachel@example.net,928728092
67239628,Lauren,Jones,1996-05-22,M,ccobb@example.org,984627275
90383599,Dustin,Robertson,1974-12-05,F,gillespielarry@example.org,951443372
74738618,Ethan,Parks,1972-10-09,M,xhodges@example.com,916421471
10276293,John,Hobbs,1986-11-29,M,gregory79@example.org,971128052
85996742,Peter,Powers,1985-09-22,M,bryanmartin@example.com,957783042
26405560,Shane,Blair,1981-04-09,F,amandasantos@example.net,946133569
63836335,James,Owens,1982-02-05,F,smithsheila@example.net,954432717
60746900,Aaron,Barnes,2000-08-07,M,michael25@example.com,942383283
36678696,Justin,James,1995-03-07,M,noblesarah@example.net,913798265
17600887,Taylor,Wood,1995-02-26,F,hudsonchristopher@example.net,981941033
74381780,Ryan,Espinoza,1974-06-02,F,brendacooke@example.com,977378849
99215034,Matthew,Anthony,1975-01-20,M,smithstacey@example.com,931659504
41773168,Erin,Richardson,1988-12-01,M,kayla02@example.org,984757395
55384729,Mary,Kramer,1984-02-07,M,hsutton@example.net,914304246
68107277,Megan,Ray,1975-02-18,F,shanerussell@example.org,913985919
87694409,Stephen,Glass,1987-09-13,F,danielsamuel@example.net,934916467
12448599,Brandi,Gardner,1984-11-05,F,afernandez@example.net,928884207
73496844,Sean,Mitchell,1992-03-26,M,pennymills@example.net,951370116
95783449,Natasha,Dawson,1978-07-28,F,larryarroyo@example.org,990757881
39427361,Brittany,Hawkins,1991-12-31,F,lawrence23@example.net,969153612
16987921,Peggy,Thomas,1995-12-10,F,kelsey81@example.org,918931845
23040947,Anne,Yates,1995-02-16,F,vquinn@example.net,984567336
63903312,Cynthia,Cunningham,1985-01-04,F,churley@example.net,924473987
52583846,Julia,Marshall,1977-04-21,F,sfigueroa@example.net,945418207
69931750,James,Jackson,1981-10-20,F,knightkevin@example.com,999004440
65720633,Abigail,Macdonald,1977-10-30,F,omar71@example.net,951092087
39089297,Grant,Grant,1981-12-31,M,steeletimothy@example.com,937616801
93529501,Tyrone,Rivera,2000-10-13,F,dwang@example.org,908738400
99774987,Mary,Price,1972-12-24,F,hebertkrista@example.com,916582123
82744488,Mitchell,Mckinney,1989-08-15,F,masseynichole@example.net,953258677
92202397,Susan,Hunter,1996-07-11,M,phamtodd@example.net,937990053
85236057,David,Smith,1999-10-21,M,yschmidt@example.org,986500371
90661260,Kiara,Morgan,1994-07-20,M,benjaminalicia@example.net,972309795
62190153,Lawrence,Hughes,1981-06-30,F,jack82@example.net,995543048
98491906,Patrick,Torres,1993-12-17,M,jaredwoods@example.org,926482709
38731501,Joshua,Stewart,1977-12-27,F,qmorales@example.com,935427844
11849262,Elizabeth,Coleman,1981-07-02,F,asparks@example.com,946772487
82862175,Robert,Meadows,1992-09-18,F,sheila24@example.com,944178854
91325148,Robin,Wilson,1992-09-19,F,castrolisa@example.org,981308392
87703362,Kevin,Edwards,1990-11-30,F,jgray@example.com,937922660
46157051,Danielle,Carr,1973-04-17,M,bwhite@example.net,981405985
53351241,Chase,Price,1974-01-18,F,bknapp@example.com,908271721
82314939,William,Ortiz,1986-07-19,F,yross@example.com,967390010
36364394,Michael,Jones,1990-10-13,M,tthompson@example.net,911872483
98818900,George,Williams,1976-06-02,F,melissamartinez@example.net,975256747
52106578,Steven,Barrera,1982-01-13,M,rachel67@example.org,934338448
40782954,Jessica,Mercer,1991-08-28,M,philliphayden@example.net,939102133
67288059,Sandy,Wolf,1983-12-18,F,rachel25@example.net,920188444
71215130,Wayne,Haynes,1976-12-24,M,erin63@example.org,999996375
58164760,Christopher,Williams,1990-05-15,F,zgreen@example.net,904482444
51546054,Jill,West,1982-08-04,F,sbrown@example.com,910249406
36937166,Collin,Simmons,1991-08-26,F,lbrown@example.net,942765449
75673816,Christopher,Lara,1993-07-21,F,kbuck@example.org,908493425
95554025,Joshua,Edwards,1981-11-21,M,glenn45@example.org,947190946
48765149,Cassandra,Cabrera,1993-06-10,F,allison51@example.com,993655594
92297660,Anthony,Luna,1982-07-14,F,jacksonbrittney@example.org,986044286
56182520,Ashley,Herrera,1995-02-16,M,sjackson@example.net,926207387
48530422,Joseph,Wright,1979-10-28,F,mckenzietony@example.com,995313084
14826464,Brandon,Bridges,2000-05-03,M,justinmccormick@example.org,985528200
75927518,Stephanie,Kennedy,1982-12-06,F,taylormorales@example.net,958794266
68877081,Amy,Thompson,1976-10-24,F,maxwellcaitlin@example.org,990434207
41618249,Steven,Moore,1993-11-24,M,andrea91@example.net,929915688
42127410,Kathleen,Thomas,1973-09-12,M,wperkins@example.org,937113002
61548599,Ashley,King,1982-09-10,F,mooremarcus@example.net,927614978
64005347,Matthew,Hayes,1991-01-01,M,littlebrandy@example.com,949216427
31494367,James,Coleman,1986-11-04,M,cbecker@example.org,961851193
13229042,Melissa,Smith,1975-04-26,M,lisaobrien@example.org,934694104
87899363,Tyler,Williams,1979-07-12,M,dwoods@example.com,958288114
11202136,Eric,Romero,1971-09-07,F,brownbrian@example.com,931739929
95907849,Brittany,Wilson,2000-09-04,M,moralesstephen@example.org,995918532
25042228,Anita,Taylor,1982-06-16,F,arichardson@example.net,965021094
76713612,Brian,Patterson,1985-06-17,M,uhiggins@example.com,936191090
85043646,Leslie,Shannon,1988-02-17,M,vwalker@example.com,904033660
79177174,Kevin,Newman,1978-08-17,F,longnicholas@example.com,960127527
34689884,Dustin,Williams,2000-10-30,F,fwilliams@example.net,988720863
91393413,Heather,Rodriguez,1974-10-13,M,ginamendoza@example.com,930291474
41748288,Brandon,Rodriguez,1970-02-10,F,stephencox@example.com,973116095
44761254,Brandon,Stewart,1983-05-29,M,fjohnson@example.org,976108059
88267734,James,Cameron,1992-12-29,F,arnoldmelvin@example.com,984900542
80315271,Amy,Myers,1976-06-03,F,fdavis@example.com,961941206
56946592,Caitlin,Bennett,1984-01-29,M,zwilliams@example.com,950954239
98943879,Trevor,King,1974-02-08,M,woodwardmichelle@example.net,916961649
43826784,Rebecca,Hester,1976-02-08,F,markthompson@example.com,992941515
84165117,Ashley,Smith,1992-12-12,F,kristinphillips@example.com,945065352
94880541,Paul,Johnson,1985-03-23,F,cooksteven@example.com,910263918
80748830,Joshua,Simmons,1998-02-21,M,carlos28@example.org,924867943
10936074,Jonathan,Olson,1998-03-14,M,zhenderson@example.org,911346033
57902338,Jacob,Garrett,1985-04-16,F,mpeterson@example.net,984137198
33652496,Brett,Hall,2000-01-24,M,gcastillo@example.net,985999968
82457804,Gina,Beck,1996-04-11,F,scottsmith@example.net,990649447
47551884,Sarah,Dillon,1978-04-25,M,bradleycory@example.net,955234126
62707617,Patrick,Howard,2000-08-28,M,juarezdenise@example.com,918015228
62314169,Aaron,Jones,1994-01-04,F,leefrances@example.com,942096038
13395322,Janet,Singh,1970-11-20,F,matthew27@example.org,902653540
67656586,Paul,Lee,1986-01-21,M,jeffrey55@example.net,993111296
65274758,Daniel,Lindsey,1979-12-21,F,dominiquemorris@example.net,999167417
88410950,Amy,Little,1985-07-02,M,ireilly@example.com,922670729
17190585,Amy,Adams,1997-08-24,M,jeffreywilson@example.org,923174674
12211765,Shannon,Knox,1989-11-04,M,joshuarobles@example.com,911898649
90871798,Jacob,Dunlap,1978-01-09,M,nguyenwilliam@example.net,917002871
99358279,Jessica,Robinson,1970-03-17,F,cthompson@example.org,947708552
22188120,Jason,Zamora,1989-10-30,M,johnlewis@example.org,963192831
78377698,Geoffrey,Blair,1971-08-22,F,nbaker@example.com,969570390
58603959,Raven,Hardy,1996-09-20,M,johnsonchloe@example.com,934979957
95278427,Cameron,Mack,1972-08-07,M,robert67@example.com,926431611
46346231,Sierra,Hall,1998-03-07,M,stephanie39@example.com,975994586
67094257,Whitney,Jackson,1976-08-02,M,ymorgan@example.com,961396390
66398033,Deborah,Henry,1996-05-15,M,ytucker@example.net,959193741
80999489,Travis,Willis,1992-05-26,F,nicholas71@example.net,965521525
46674659,Nathan,Hart,1983-03-16,F,melanie35@example.com,992697168
90653847,Emily,Walker,1974-12-31,F,kimberly21@example.org,932832018
74269583,Tiffany,Greer,1998-07-06,M,stevenrodriguez@example.org,910562914
84438750,Katherine,Fox,1990-04-22,M,jillianstone@example.org,949607999
23600630,Monica,Smith,1988-09-26,M,jasonaguilar@example.com,976538171
67741562,Jennifer,Soto,1986-03-03,M,lopezlisa@example.org,946118733
75156698,Kathleen,Jacobson,1977-02-16,M,melissahayes@example.org,920230743
35602179,David,Wall,1979-07-29,M,briannaballard@example.net,957205883
72633873,John,Parker,1998-06-27,F,xdecker@example.com,963179964
25602595,Kayla,Gomez,1987-12-25,F,deanaustin@example.org,973569322
75589491,Johnny,Ortiz,1995-03-09,M,danielellis@example.net,976607171
65553255,Joseph,Hernandez,1990-03-26,F,tyleraguilar@example.net,933157359
46149045,Susan,Cook,1987-03-21,F,lorile@example.com,958624070
27646506,Hector,Contreras,1980-03-08,F,martinkristen@example.org,903934686
65502287,Lisa,Griffith,1986-08-21,F,mpowell@example.org,984323894
81459943,Ashley,Webb,1979-05-30,M,kimberly59@example.com,911450927
37316953,Angel,Kline,1987-03-25,F,gary06@example.com,970127841
63984997,Lisa,Johnson,1997-07-09,M,bishopaaron@example.com,927481520
70370089,Jason,Johnson,1999-09-21,M,aaronhenry@example.net,991869480
68913101,Dawn,Moore,1992-06-15,M,boylekim@example.org,964752961
82125822,Margaret,White,2000-11-26,M,laura98@example.net,986813851
94339346,Martha,Harmon,1972-09-09,F,snydermatthew@example.net,933017434
11782478,John,Smith,1970-06-12,F,mhall@example.net,949124115
77265437,Brooke,Long,1970-01-06,F,woodedward@example.net,916275086
32025443,Donald,Gonzalez,1974-09-03,F,cindynelson@example.com,982705121
15198103,Joshua,Oconnor,1976-12-06,M,lisa71@example.com,927691565
67150542,Mary,Burke,1979-01-14,F,michelleweaver@example.com,983391952
42139433,Nathan,Wright,1982-01-29,M,gflynn@example.net,933904695
14343032,Daniel,Drake,1982-09-04,M,richardallen@example.net,931138793
95169262,Nicholas,Calhoun,1972-10-14,F,thomas24@example.com,995291121
93927992,Nicholas,Chen,1994-03-16,F,fgiles@example.com,910753043
30927914,Angela,Garrison,1976-08-17,F,pwalters@example.com,998816155
95720215,Catherine,Martinez,1993-06-01,F,ejackson@example.com,913266833
10458784,Michael,Walker,1990-06-15,F,irwinjeffrey@example.org,927357941
79389268,James,Brown,2000-08-28,M,julie55@example.net,995457503
93978698,Eric,Vasquez,1978-05-13,F,emoreno@example.net,999093678
14021131,Justin,Howard,1992-04-04,M,hendersonheather@example.net,996252625
83697081,Joshua,Atkins,1973-04-29,F,burkeerin@example.com,951695298
22653004,Brian,Evans,1985-05-15,M,bruiz@example.org,933906020
20060645,Kimberly,Boyd,1982-12-14,M,gkidd@example.org,979315604
44814690,Brandon,Jimenez,1991-03-25,M,sean98@example.com,930287495
78400603,Amy,Duncan,1974-08-14,M,danielle06@example.com,926385289
71160303,Lori,Baker,1998-04-23,F,psanders@example.com,940514233
51733209,Kendra,Gomez,1979-03-02,F,danielcruz@example.com,903969759
20595657,Benjamin,Mueller,1974-07-11,F,melindajordan@example.com,940767749
31235476,Rachel,Harvey,1996-07-13,F,christopherlawrence@example.net,976695174
40463264,Tommy,Crane,1995-07-22,F,thomashooper@example.net,986170023
95810114,Joann,Ramirez,1970-02-20,M,angelajames@example.org,900660210
87361997,James,Dean,1970-04-20,M,rglenn@example.net,935271418
22913258,Lori,Pitts,1995-04-16,F,whitney32@example.org,999016212
20811434,Jermaine,Mccall,1975-05-10,F,fgreen@example.com,978757957
65691046,Emily,White,1970-03-25,M,anthony76@example.org,906012502
89145521,Jennifer,Mason,1999-02-28,M,ysmith@example.org,932785209
49160785,Michelle,Wagner,1983-02-15,F,kevincastillo@example.org,980353883
33239198,Barbara,Green,1999-09-18,M,markstina@example.net,992000833
44594388,Alexandria,Morrow,1970-12-16,F,jwallace@example.com,909740637
63106099,Janet,Mcbride,1977-09-10,F,josephlee@example.net,903650651
10847040,Virginia,Schmidt,2000-12-21,F,bradfordwilliam@example.net,970841332
76022212,Daniel,Walker,1999-07-01,F,paulahall@example.org,928854949
21087875,Jorge,Barrett,1978-08-11,F,tiffany29@example.net,917439390
77525223,Robert,Khan,1985-07-06,M,ngomez@example.org,932749533
33405187,Daniel,Anderson,1993-03-01,F,jonathandavis@example.com,921901048
24960488,John,Price,1980-07-25,F,carterjoshua@example.net,983952281
63294432,Anna,Smith,1985-11-26,F,meganfoley@example.net,913146488
11352096,Caroline,Castro,1995-04-07,M,kathryn72@example.net,945854398
27420363,Stephanie,Adams,1993-07-08,M,rmason@example.com,946629743
33211897,David,Ellison,1988-05-02,F,troymartinez@example.org,932381037
69190607,Shelby,Zhang,1978-10-15,M,michael95@example.net,993772696
88462600,Angela,Shelton,1975-11-03,M,torresjulie@example.net,927205869
73536871,Adam,Hale,1989-03-20,M,tommy29@example.com,934787552
98291667,Amy,Rivera,1988-06-08,F,bwoods@example.com,918053650
62847485,Randall,Reyes,1980-08-28,F,schneiderelizabeth@example.org,928681234
42737743,Todd,Phillips,1996-01-30,M,russojordan@example.net,904660730
21002471,Courtney,Scott,1975-11-04,F,jacob64@example.org,980182319
29854856,Brian,Wright,1997-05-13,M,dburns@example.com,953344793
66865232,Adrienne,Bailey,1984-12-23,F,emmawhite@example.net,994553693
80393751,Jared,Anderson,1980-09-19,M,lopezpaula@example.com,947015648
67928715,Christine,Miller,1973-09-15,M,stewartjohn@example.net,957837845
61759703,Mary,Silva,1988-10-23,F,lauragrant@example.net,910054576
19908008,Michael,Hernandez,2000-04-03,F,wendy75@example.com,972819868
67228154,Kristin,Russell,1998-06-06,F,tanya74@example.org,964402155
26327576,Michael,Ferrell,1974-11-19,M,ross04@example.org,912818998
87628234,Monique,Rivera,1997-02-10,M,laurapratt@example.com,906644904
34565560,Elizabeth,Crawford,1975-04-14,M,pschwartz@example.net,904242985
78242022,Stacy,Jones,2000-11-20,F,kimadam@example.net,927028544
62907742,Cameron,Cruz,1994-02-08,F,carla65@example.org,908531607
44699303,Samantha,Reid,1993-04-23,M,jerry21@example.net,908391031
19191145,Leon,Watson,1998-06-27,M,mcintoshkrystal@example.org,928620292
95496716,Erika,Porter,1980-09-26,F,ctran@example.org,922206379
85534042,William,Black,1983-06-16,F,dstevens@example.org,965214733
89268845,Mark,Johnson,1994-08-13,F,wardanthony@example.net,987592355
15374679,Rachael,Mcdonald,1999-01-21,M,charles95@example.org,948152743
27913582,Tanya,Allen,1997-10-27,M,alexanderstrickland@example.net,991151767
47403902,Tina,Garcia,1991-10-19,M,kathleenmartinez@example.org,999296333
28720425,Barbara,Andrade,1977-11-26,M,danielsrachel@example.com,940579050
68148054,Jorge,Huynh,1982-11-12,F,webertodd@example.org,985756985
40173188,Richard,Bush,1986-12-18,M,xwinters@example.net,900740630
86639928,Helen,Martin,1982-01-01,M,caleb06@example.org,960378477
19318131,Amanda,Green,1974-01-06,M,jessicalopez@example.net,998223425
91791259,Michael,Ramos,1987-12-16,F,stevenmcdaniel@example.net,990455453
40922996,Bryce,Ortiz,1989-08-26,F,kimkathryn@example.org,938306818
56498270,James,Garcia,1981-03-13,M,spearson@example.net,903032202
89361073,Erica,Avery,1970-01-17,F,amandahamilton@example.org,975457070
42874991,Brittney,Deleon,1983-01-16,F,caitlin31@example.org,984738326
42638843,Anthony,Choi,1991-10-23,F,hcole@example.com,928967916
38697364,Alan,Edwards,1980-01-27,F,fsullivan@example.com,924048170
63556583,Emma,Spencer,2000-04-05,M,franciscoarellano@example.com,905595636
50823403,John,Smith,2000-05-26,M,reedchristopher@example.org,944073872
53308232,Joann,Marshall,1986-11-01,M,meghan40@example.com,943916363
73237734,Katie,Dominguez,1974-09-27,M,andersonsusan@example.com,970076817
82270984,Erin,Vega,1979-04-11,F,jonesrobert@example.org,984495108
86278835,Jaime,Parker,1999-03-09,F,velasquezmegan@example.net,987445486
29505843,James,Webster,1998-01-20,M,brittany04@example.com,966768296
56922198,Mark,Dudley,1972-08-18,M,vhowell@example.net,943715004
48208015,Kayla,Stewart,1972-12-12,M,osbornjenna@example.com,939692530
24239671,Colleen,Graves,1978-08-11,M,hernandezlouis@example.com,932528115
62251038,Cameron,Kirk,1973-07-23,F,katieroberts@example.org,996800750
34713055,Paula,Smith,1980-11-01,F,travis20@example.org,910032734
21357734,Robin,Sexton,1971-01-07,F,andrewthompson@example.net,900670216
41206829,Mark,Tucker,1996-03-27,M,kurtayers@example.com,933602807
19601746,Micheal,Brewer,1977-02-24,F,rodneyvillanueva@example.net,962654831
88843996,Joseph,Schneider,1977-11-13,F,richard04@example.org,930076709
31353102,Jennifer,Nelson,1992-02-28,M,gardnerernest@example.com,988261392
88519370,Zachary,Bailey,1987-02-23,M,zacharyjackson@example.com,942552867
45487753,Christopher,Shaffer,1976-01-24,M,darius63@example.com,958879967
34996561,Robert,Gutierrez,1987-01-22,F,gregorymendoza@example.org,963769653
53869431,John,Rodriguez,1996-11-17,F,logan24@example.net,989864610
60633680,Justin,Ross,1980-12-22,F,whitephilip@example.org,935491595
76232808,Yvonne,Hartman,1990-08-20,F,robinsmith@example.net,992060295
71334017,Derrick,Martinez,1983-08-21,M,timothy02@example.net,919583087
84107365,Monica,Richardson,1974-02-16,M,norma85@example.net,965686567
30884406,Pamela,Robbins,1977-08-14,F,karacontreras@example.com,962659108
28524932,Jason,Nichols,1976-07-02,M,xedwards@example.org,940735667
76262865,Angela,Barker,1990-01-24,F,hblair@example.net,974040423
66051855,Jeremy,Bowen,1991-10-20,F,mollypayne@example.com,934065711
41409944,Scott,Myers,1997-06-22,M,rebeccaward@example.org,969088701
57332938,Marcus,Mcguire,1974-09-11,M,carlsongarrett@example.net,940144594
84273536,John,Daniels,1991-06-27,M,thomas37@example.org,945410394
60892651,Aaron,Tran,1982-11-14,F,frodriguez@example.net,905923490
56456423,Megan,Hurst,1979-11-03,F,lisa00@example.com,966720940
35148252,Anthony,Parker,1998-07-27,F,princetanya@example.org,923396441
40696482,Francisco,Barker,1971-12-28,F,parkerjose@example.com,981314591
18461486,Gregory,King,1970-09-14,M,natashaharper@example.net,981535209
94153803,Brittany,Lewis,1970-03-10,F,hmartinez@example.com,953804997
39684900,John,Kaiser,1977-02-22,M,alan54@example.net,934144634
45521828,Madison,Johnson,1977-03-17,F,xmoore@example.com,978832807
30117437,Charles,Frank,1999-07-23,F,ywilson@example.org,916520334
57522687,Jesus,Brown,1974-10-17,F,lewisjennifer@example.org,919755928
19643315,Luis,Gonzalez,1991-01-11,M,victoriaconner@example.com,907992963
68270831,John,Wallace,1986-07-08,F,ocline@example.net,906218859
63378308,Scott,Shields,1997-04-07,F,butlerjessica@example.org,969209014
58462780,Sheila,Porter,1982-01-03,M,dschmidt@example.com,988679606
53117627,Michael,Thompson,1989-08-18,M,sheilamoore@example.com,922450190
71594392,Deanna,Reyes,1984-08-23,M,clarkdavid@example.net,900080653
66510248,Barbara,Morris,1984-01-13,F,doris77@example.org,981632710
69875975,Pamela,Roberts,1980-01-01,M,whitealexander@example.org,989333581
12134959,Joshua,Lawrence,1995-05-25,M,wilsondavid@example.org,925939678
75534672,Yvonne,Franklin,1979-05-30,M,kallen@example.com,929364740
23152568,Elizabeth,Scott,1988-12-28,M,obriennicholas@example.com,923314735
