id_persona,nombre,apellido,dni,fecha_nacimiento,sexo,correo,telefono
1,Charles,Yu,76914303,1982-05-01,F,justin62@example.org,956916465
2,Jennifer,Simon,67537165,1956-05-21,M,martinezdesiree@example.com,965871413
3,Paul,Kelley,91515901,1942-12-10,F,kyledavis@example.org,975305333
4,Joshua,Williams,75563888,1979-06-28,F,garzavictor@example.net,981301624
5,Keith,Ballard,52402468,1991-05-15,F,edwardstina@example.org,922757869
6,Karen,Rodriguez,43755664,1988-07-20,M,ovazquez@example.org,957796647
7,Casey,Oneill,43803273,2000-02-16,M,spaul@example.com,915031677
8,Raymond,Sandoval,64494728,1953-05-20,F,omccullough@example.com,985018603
9,Michael,Nguyen,35426545,1956-12-13,M,graygregory@example.net,940220048
10,Ashley,Martinez,26086540,1993-01-13,M,scottjessica@example.org,959567029
11,Amanda,Buck,91172573,1978-12-03,M,ginanelson@example.org,923087620
12,Jonathan,Odonnell,61445010,1980-01-08,F,michael56@example.org,977187659
13,Bryan,Cruz,92543627,1984-10-18,F,muellermonica@example.net,930728403
14,Kari,Anderson,33509703,1970-10-12,F,fwilliams@example.org,912479882
15,Rebecca,French,62344456,1976-12-22,M,lisa50@example.net,968151528
16,Donna,Walker,88991009,1996-12-02,M,wcampbell@example.net,910110496
17,Brandy,Ashley,77007632,2001-10-01,M,sararandall@example.com,943712919
18,Susan,Griffin,35836372,1966-09-07,M,bretttrevino@example.com,979455272
19,Tanya,Powers,58632582,1965-05-09,M,pburton@example.org,925294978
20,Roberto,Campbell,96681828,1946-06-29,M,leachbilly@example.com,954315935
21,Jeffrey,Moody,15486896,1971-03-05,M,hjenkins@example.org,934225569
22,Stephanie,Williams,51421840,1944-09-26,F,delacruzderrick@example.org,955886030
23,Taylor,Ortega,24571486,1954-01-08,M,reynoldskristen@example.org,972442691
24,Mary,Bailey,25633610,1974-11-21,M,jenniferyoder@example.com,996361748
25,Corey,Ellis,14539882,2003-07-25,M,wareluke@example.com,921968016
26,Martin,Watkins,82659856,1957-01-09,M,michael97@example.com,937043804
27,Teresa,Miller,28660758,1963-11-12,M,joseph90@example.net,901163442
28,Rebecca,Watts,44863092,1953-02-07,F,annkramer@example.org,919104536
29,Leslie,Hill,86396945,1977-12-05,M,jason93@example.net,996953682
30,Colleen,Simmons,90172472,1974-09-22,M,scott09@example.com,938801218
31,Kelly,Hubbard,33536302,1968-04-23,F,pamelasalinas@example.org,948594026
32,David,Ramsey,58564594,1947-06-04,F,thomaserica@example.com,944067003
33,Donna,Moore,67983781,1942-12-10,F,misty37@example.com,914017080
34,Michael,Downs,37008050,1951-05-04,M,stephaniestewart@example.net,912243686
35,Ashley,Braun,72213203,1963-01-07,M,shelby77@example.net,920244655
36,Lisa,Lee,28703921,1955-09-21,M,sabrina62@example.net,906377408
37,John,Hill,68780386,1953-01-23,F,roywade@example.org,971891473
38,Jonathan,Brown,52057664,1948-09-21,M,henrycarolyn@example.net,972594438
39,Derrick,House,43386681,1969-10-20,M,broberts@example.org,954354600
40,Hannah,Rodriguez,79380501,1985-11-19,M,roachpaul@example.net,953416202
41,James,Smith,79653519,1963-11-30,F,tammypadilla@example.net,905865999
42,Gregory,Johnson,89333899,1991-08-04,F,uhutchinson@example.org,941995485
43,Daniel,Anderson,28381444,1988-12-01,M,heatherthompson@example.org,969126634
44,Derrick,Dominguez,55017915,1984-04-29,M,owilliamson@example.net,966388108
45,Barbara,Lee,10234346,1978-04-22,F,margaret75@example.com,957804645
46,Anthony,Jones,91685796,1940-01-25,F,nicolemiller@example.net,991864085
47,Eddie,Haley,64923445,2001-01-11,M,gavinbarnes@example.org,997138537
48,Jillian,Harris,88814140,1982-07-10,M,michelehernandez@example.net,907171248
49,John,Patterson,40449636,1978-02-17,F,ericacevedo@example.net,963947961
50,Michael,Francis,70778585,1942-06-14,M,tranedward@example.org,931526315
51,Desiree,Jordan,10542410,2004-02-04,F,agarcia@example.com,964552922
52,Heather,Rose,55504166,1991-03-06,M,vanessa92@example.net,954995935
53,Joshua,Ryan,15628839,1967-07-20,F,cristian85@example.com,997245045
54,Shannon,Weaver,20185906,1964-11-30,M,jasmineibarra@example.org,938939975
55,Amanda,Brewer,95396715,1964-10-26,M,adamsjennifer@example.net,950658803
56,Kathleen,Thomas,14930422,2004-12-24,F,williamswilliam@example.org,994412172
57,Kelli,Johnson,65797703,1975-11-04,F,ayalanicholas@example.net,996086630
58,Amber,Hart,40010433,1988-05-28,M,rryan@example.org,982988981
59,Thomas,Gross,79440756,1995-04-09,M,william98@example.com,954380724
60,Ernest,Smith,47707993,1975-01-07,M,garrisonbenjamin@example.org,926240212
61,Jamie,Johnson,85354994,1961-02-11,F,debraaustin@example.com,953628841
62,Brittany,Hughes,55618660,2004-12-28,F,jamieguerra@example.com,985862429
63,Angela,Bennett,36576472,1950-10-04,M,tsanders@example.org,923269635
64,Stephanie,Payne,29076376,1981-03-26,F,trujilloryan@example.com,964547184
65,Caitlin,Williams,10797917,1999-08-02,M,valerie61@example.com,960806759
66,Megan,Gray,29352976,1951-08-06,M,sethcannon@example.com,966885261
67,Kimberly,Chen,75971565,2000-03-21,M,mlewis@example.net,966612526
68,Vanessa,Simpson,80962800,1969-09-25,M,johnsonkayla@example.net,969142198
69,Daniel,Lewis,37720511,1981-05-18,F,gtorres@example.net,996763649
70,Andrew,Weiss,73500399,1993-06-24,F,gsmith@example.org,908875591
71,Alicia,Ball,33288297,1949-09-24,F,estradarandall@example.net,966901065
72,Linda,Morrison,96776417,1951-04-13,F,vanessasmith@example.org,937386032
73,Andrew,Hernandez,62788893,1963-09-15,F,uwoods@example.com,957892790
74,Debra,Chang,58195825,1954-09-03,M,philip72@example.net,986422409
75,Timothy,Stewart,18700650,2002-09-22,F,udiaz@example.com,971095654
76,Jason,Mann,14860964,1956-02-20,M,coxedward@example.com,914408685
77,Victoria,Johnson,12430099,1949-12-09,F,billycooper@example.net,918626799
78,Diane,Burns,47255923,1985-05-18,F,brandon67@example.com,953338682
79,Laura,Williams,33723456,1982-10-18,M,ajennings@example.net,968455809
80,Cheryl,Peterson,43629703,1957-02-25,F,klopez@example.org,957702031
81,Ryan,Acevedo,15922076,1964-08-03,F,pbrown@example.net,930944967
82,Marie,Nelson,41143386,1978-01-18,F,maryclark@example.com,912989630
83,Megan,Lester,49279184,1968-12-21,F,xmontes@example.com,947800192
84,Justin,Williams,89442627,1996-05-21,M,mwalter@example.com,994094830
85,Travis,Bailey,74560570,1976-01-03,M,haileycoleman@example.net,994385859
86,Robert,Caldwell,11125423,1943-08-17,F,ihall@example.org,986091659
87,Daniel,Williamson,22764706,1964-03-25,M,johnsonwesley@example.org,966342414
88,Sophia,Oneill,64764588,1990-12-08,M,hwiggins@example.com,918504787
89,Walter,Brandt,97044831,1960-10-15,F,seth25@example.net,962324165
90,Stacy,Martinez,24670057,2004-07-26,M,andersonanthony@example.net,993343812
91,Morgan,Lucas,97096256,1990-04-09,F,joseph30@example.com,924018017
92,Zachary,Smith,95380990,1971-07-25,F,ucollins@example.org,902100903
93,Melanie,Collins,57870784,1996-04-26,F,reginaford@example.com,933791196
94,Patricia,Mccarthy,55388088,1949-06-25,M,cooperemily@example.org,902404536
95,Kayla,Stephenson,53532637,1975-12-31,F,richardwright@example.net,988874814
96,Maria,Rich,53192488,1967-04-11,M,elin@example.org,916735631
97,Rebecca,Bell,93655327,2005-12-25,F,lbrown@example.com,913532814
98,Jeffrey,Wilson,86368670,1984-11-30,M,ypitts@example.org,940078167
99,Breanna,Hinton,61809557,1968-07-18,F,williamsrandall@example.net,980774520
100,Jillian,Tran,63077835,1963-01-23,F,stephenjohnson@example.org,921946770
101,Bradley,Larson,80151301,1990-03-05,M,christopher96@example.org,909867285
102,Cynthia,Adams,39886632,1994-05-06,F,tiffany57@example.com,916292193
103,Allison,Guerra,68112396,1970-12-07,F,garzamelissa@example.net,906027951
104,Daniel,Zuniga,99846504,1956-04-19,F,joseph72@example.com,945768791
105,Jamie,Thornton,15637452,1974-08-25,M,mary82@example.net,963324684
106,Kristina,Gonzalez,83082157,1971-02-24,F,lhenry@example.com,954387353
107,Roger,West,68651491,1962-05-04,M,barbarasampson@example.com,928516453
108,Holly,Aguirre,93772835,1964-09-05,M,jermaine07@example.com,909483728
109,Destiny,Curry,56190395,1966-10-24,M,gonzalezjerry@example.org,959186979
110,Mary,Bell,44814106,1965-11-19,M,richarddixon@example.com,981046294
111,Matthew,Miller,83393779,1961-04-13,F,jonesfrank@example.net,917545006
112,Brett,Hudson,83871706,1953-02-27,F,melissa43@example.org,940858868
113,Amber,Williams,39829275,1943-12-10,M,gregory65@example.com,990099646
114,Denise,Blair,20619325,1975-04-23,F,youngdana@example.net,908342505
115,Ryan,Mays,55886369,1991-09-10,M,trobinson@example.net,968780869
116,Andrew,Hayden,47334381,1970-10-08,M,singhjennifer@example.org,936554510
117,Sarah,Lopez,37466361,1954-10-27,M,xpearson@example.com,969471616
118,Yvonne,Flores,23258783,1991-10-29,F,vincentmelissa@example.com,907364875
119,Matthew,Harris,25426483,1982-11-06,M,tgarcia@example.com,969638872
120,Carrie,Joseph,46621523,1979-05-10,M,christopher97@example.com,994359419
121,Thomas,Bass,49993481,1983-01-19,F,dianehayes@example.com,996828703
122,Robert,Horton,94408324,1964-05-17,M,longjoshua@example.org,971647243
123,Omar,Patterson,32506971,1962-05-02,M,doris48@example.net,983307105
124,Amanda,Harmon,29444220,1954-01-22,F,brownzachary@example.net,910360437
125,Richard,Davis,54132782,1955-06-19,M,wadelisa@example.net,946151523
126,Allison,Evans,52614070,1964-01-05,F,glassgregory@example.net,942216236
127,Stephanie,Baker,83653126,1965-05-05,F,ggreen@example.com,922778549
128,Sarah,Ballard,46747193,1949-12-18,F,erice@example.com,984973763
129,Anthony,Bennett,97489336,1956-01-14,F,zscott@example.net,976210055
130,Tracey,Washington,25946666,1952-08-27,F,heidigarcia@example.net,986467880
131,Holly,Chapman,94598456,1979-11-16,F,lawrence37@example.org,972288051
132,Rachel,Jackson,83312190,2002-01-12,M,joseph89@example.org,929278862
133,Amanda,Smith,55147437,2002-07-13,M,jnelson@example.org,964683749
134,Cassidy,Smith,26494215,1965-01-10,M,kgrant@example.net,966129347
135,Leslie,Kaufman,45490919,1953-03-12,F,susanpaul@example.com,902478679
136,Lindsey,Long,77647169,1956-03-11,M,alex88@example.com,995057398
137,Gary,Cook,77095204,1970-03-11,M,nicoleayala@example.net,947565334
138,Kathryn,Webb,22897266,1941-10-30,F,mackenzie67@example.net,929902243
139,Kyle,Booth,13511173,1960-02-15,F,garciaamanda@example.net,913986640
140,Jonathan,Thompson,74177818,1983-12-30,F,yburnett@example.com,919317416
141,Douglas,Griffin,94028523,1963-04-22,M,bmoran@example.org,902119523
142,Alicia,Kline,88690555,1976-10-20,F,butlerelizabeth@example.com,944520637
143,Christina,Hernandez,13487087,1987-04-02,F,robertanewman@example.com,978689705
144,Kristen,Jones,66390757,1987-03-19,M,rachel92@example.com,975635694
145,Destiny,Rivas,50362184,1958-04-02,M,melissaharris@example.com,990746759
146,Christopher,Miller,76110097,1971-07-09,F,thompsonmichelle@example.com,990678004
147,Alan,Giles,77733751,1953-06-06,F,mlee@example.org,951526021
148,Jacqueline,Moore,56938217,1977-05-10,F,kelly45@example.org,969477643
149,Brian,Garcia,84233661,1972-05-21,F,nreynolds@example.com,961126544
150,Sarah,Nelson,28063154,1977-09-25,M,bjackson@example.net,948382922
151,Emily,Riley,56939445,1993-10-15,F,gamblejane@example.net,916606079
152,Gregory,Randall,58971326,1944-02-09,F,bakermichael@example.org,916443292
153,Tina,Martin,36559896,1968-11-13,F,jwalker@example.net,921344417
154,Ashley,Walker,61345665,2001-10-09,F,daniel33@example.com,972395418
155,Michael,Hall,11692050,2004-04-10,F,jenningsmichael@example.com,995227554
156,Molly,Holmes,41045523,1953-03-25,F,dgould@example.net,957561991
157,Marcus,Phillips,46626961,1947-04-06,F,colemanclaudia@example.com,990004633
158,Mary,Sweeney,58045213,1966-06-06,M,uwagner@example.net,996405168
159,Drew,Anderson,18105359,1982-12-27,F,williamschristopher@example.com,981595689
160,Antonio,Acevedo,12454078,2000-09-04,M,troycisneros@example.com,992671054
161,Patrick,Johnson,77202650,1945-10-23,F,lawrenceruth@example.com,975819582
162,Jeffrey,Ellis,12485580,1971-10-03,M,ellen83@example.org,998446569
163,Vincent,Morales,57135856,1964-08-24,M,ccallahan@example.net,982635262
164,Robert,Scott,25243018,1960-05-05,F,kristithomas@example.com,935780048
165,Daniel,Anderson,21395519,1997-05-04,F,cardenaschristopher@example.net,917497484
166,Stephanie,Willis,47056882,1995-12-19,F,hogandawn@example.com,952544180
167,Anthony,Martin,75953746,1975-05-20,F,seanjohnson@example.org,942690779
168,Melissa,Collins,77687241,1996-07-09,F,angievargas@example.com,995775806
169,Lisa,Sparks,15231083,1995-08-14,F,alison93@example.org,955929259
170,Kenneth,Reynolds,51136212,1968-03-01,M,elizabethmartinez@example.com,900313966
171,Shane,Swanson,84457498,1965-02-05,F,cholloway@example.com,943545442
172,Ronald,Durham,96495684,1941-08-22,M,nicholas77@example.net,975928188
173,Jonathan,Ellis,19437900,2004-12-05,F,valerieharris@example.org,947408780
174,Jorge,Parrish,52933748,1952-02-03,M,obennett@example.com,909726756
175,Christopher,Green,65537767,1953-05-21,F,micheal83@example.com,900542176
176,Sarah,Hernandez,71981960,1995-10-25,F,tnolan@example.net,915759520
177,Peter,Lambert,82279474,1952-11-30,F,allenjames@example.net,962038758
178,Angela,Oneill,96901702,2004-11-03,F,caseyjohn@example.com,978799171
179,Kirk,Calderon,32571998,1951-07-04,F,whiteemma@example.net,986269538
180,Andrew,Walters,56503710,1954-09-07,F,alicia83@example.org,920353760
181,Shawn,Acosta,98444458,1956-10-10,F,villegaskeith@example.net,901178564
182,Andrew,Smith,94798528,1991-05-31,M,jessicahamilton@example.org,976523659
183,Anthony,Smith,23298127,1940-03-21,F,goodmanjames@example.com,964474973
184,Dawn,Jones,50374074,1968-09-09,M,villanatalie@example.net,985042408
185,John,West,30497688,1994-06-06,M,alicia27@example.net,933296179
186,Michele,Bennett,10826356,1942-05-02,M,amy67@example.com,954842023
187,Jennifer,Williams,89031354,1995-10-16,F,barrmegan@example.com,962260454
188,Eric,Taylor,82294206,1960-08-23,F,skim@example.net,961807180
189,Sara,Reese,31271605,2000-09-22,M,maryholloway@example.net,965395873
190,Gregory,Barry,90606686,1962-06-05,F,ashley24@example.com,982971040
191,Becky,Carrillo,16754140,1985-10-18,M,ythomas@example.org,953081145
192,John,Booth,85716418,1941-09-09,F,kimchristine@example.net,956563405
193,Lee,Stanley,35798146,2001-05-21,M,omay@example.org,998870596
194,Christopher,Wolf,61652549,2004-07-04,M,heatherflores@example.org,992537176
195,Diane,Mitchell,27716868,1956-08-17,M,gkennedy@example.org,998178681
196,Kenneth,Owens,95203957,1950-02-02,F,wnelson@example.org,946715101
197,Gary,Compton,32675634,2002-06-02,F,susan30@example.org,984911044
198,Tanya,Jones,41731224,1966-07-24,M,feliciashelton@example.org,974365153
199,Emily,Fitzpatrick,32866978,1980-03-20,M,amandahuff@example.net,935175070
200,Jennifer,Garza,80266629,1943-11-10,M,wanda29@example.org,903476884
201,Lori,Garcia,93399443,1983-12-27,M,andrew37@example.net,973061251
202,Jose,Hogan,86318539,1990-08-20,M,andrew78@example.org,921209748
203,Samantha,Maddox,45265943,1953-02-04,F,darlenecrawford@example.com,922032206
204,Miranda,Gordon,97306011,1964-12-30,F,amandaoconnor@example.com,999254375
205,Kevin,Ramos,39084424,1955-04-25,F,michaelmartinez@example.com,947856808
206,Matthew,Simmons,93207080,1972-04-15,F,erinjames@example.org,974566408
207,Rebecca,Rivera,52738850,1992-10-11,F,robinshaw@example.org,940041020
208,Robert,White,32251323,1965-09-16,F,eduardo82@example.net,957503672
209,Joshua,Myers,53477319,1972-08-08,M,daniel35@example.org,940693384
210,Rebecca,Peterson,49422833,1990-04-03,M,jennifermarsh@example.org,917428031
211,Sara,Moreno,41876241,1969-01-29,F,masonelizabeth@example.org,929833070
212,Betty,Mcdonald,53935665,2003-03-11,M,mary83@example.com,998706337
213,Julie,Perez,91672028,1992-07-26,F,jessicagonzalez@example.org,929109097
214,Audrey,Morris,65037456,1969-12-23,F,kevin71@example.com,984913129
215,Brandy,Mckinney,75302252,1968-11-06,F,rwilson@example.com,960061119
216,David,Robinson,71767137,1976-10-19,M,hansenjohn@example.org,937248213
217,Jennifer,Olson,30274501,1962-11-18,M,tara05@example.com,911130994
218,Amanda,Adams,46955131,1989-05-03,M,stonedebra@example.com,932963097
219,Ronald,King,66931267,1949-10-25,F,paul42@example.org,951479246
220,Jeffrey,Morris,19056836,1969-11-15,M,jacquelinemurray@example.com,923552835
221,Craig,Wolf,71463595,1957-11-03,F,jacqueline90@example.com,966310400
222,Penny,Eaton,65045238,1973-06-15,M,ktucker@example.org,959181060
223,Karen,Wright,16336671,1988-11-16,F,nicole05@example.net,940725537
224,Malik,Barnes,71081972,1976-07-28,M,xcaldwell@example.net,959887361
225,Rodney,Underwood,87835288,1973-03-24,F,qhansen@example.net,990813330
226,Jason,Davis,44919598,1984-05-13,M,tamaracastro@example.com,948959639
227,Jennifer,Moon,18761117,1954-06-08,M,benjaminharvey@example.com,985318566
228,Nathan,Thompson,54559194,1970-03-17,F,michelle60@example.org,954214345
229,Steven,Baker,13189258,1984-07-13,M,wcortez@example.org,946871296
230,Robert,Gill,64486538,1949-01-15,F,larry59@example.org,968436875
231,Shannon,Harris,70976761,1998-12-28,F,rebeccascott@example.com,918022386
232,James,Ruiz,68192137,1976-10-25,M,jacqueline08@example.org,979955474
233,Melissa,Ford,63982336,1949-06-02,M,patricia61@example.com,900819811
234,Dan,Curry,77238504,1950-10-02,F,rogernunez@example.net,937540548
235,Kenneth,Lopez,31667460,1995-10-31,M,scottgarner@example.com,988356185
236,Matthew,Salinas,32466654,1990-02-05,M,marie06@example.net,960661288
237,Kathleen,Martin,37013273,1995-06-04,F,zyoung@example.com,911181371
238,Jesse,Short,53158894,1988-06-06,M,lnewman@example.net,989652891
239,Amanda,Ramirez,93951924,2004-06-09,M,robertwilson@example.org,949435296
240,Randy,Johnson,85174582,1946-10-24,M,martinezbrooke@example.org,958184463
241,Taylor,Miranda,46878647,1971-10-19,F,stephen62@example.net,938153132
242,Robert,Young,28961046,1973-05-10,M,scottperry@example.net,973311011
243,Hector,Stafford,53816994,1961-08-19,F,carol85@example.com,947924373
244,Sherri,Nunez,86691955,1989-04-11,M,scottbaker@example.net,986373248
245,Linda,Howard,35433092,1952-08-15,F,vincent14@example.net,913809729
246,Melissa,Reyes,59259739,1996-12-29,M,christopherroberts@example.com,988200964
247,Rachel,Walsh,61591003,1973-08-10,F,robert39@example.org,962146041
248,Robert,Guzman,22937074,1979-01-14,F,rickyabbott@example.net,994800595
249,Brian,Archer,22861699,1951-03-08,F,kellypatricia@example.org,913911915
250,Denise,Woods,71934019,1977-08-29,M,angela11@example.net,952390216
251,James,Le,11752303,1986-09-20,F,colepamela@example.org,951862371
252,David,Lucas,97857213,1944-07-22,M,aguirrethomas@example.net,931150377
253,Brittney,Coleman,39893193,1992-10-13,M,peterspamela@example.net,932254370
254,Nicole,Smith,78968303,1970-06-15,M,nguyengary@example.org,906771582
255,Julie,Castaneda,68351458,1975-12-26,F,kaitlin89@example.com,949657959
256,Andrew,Adams,46077069,1974-07-04,M,jeffreygarcia@example.net,926714305
257,Scott,Bailey,56048342,1946-04-01,F,hrubio@example.org,964750724
258,Tonya,Potter,26709903,1954-04-27,F,jacobhampton@example.com,903507208
259,Melissa,Smith,33286342,1989-03-01,F,hannahclark@example.com,938153417
260,Allen,Hall,26456830,1983-09-24,F,simmonscarol@example.com,942471162
261,Micheal,Perkins,99572709,1964-08-12,F,penningtonjames@example.com,928775806
262,Keith,Gilbert,92021354,2004-01-12,F,joeharris@example.com,905280829
263,Robert,Diaz,44186406,1983-06-13,M,brewerrobert@example.net,981227250
264,Derrick,Neal,79146475,2000-11-01,M,greggscott@example.org,959141352
265,Kristy,Stafford,38183000,1958-03-16,F,brittneypope@example.com,913763729
266,Heather,Farmer,85461303,1968-05-30,M,alexandermurphy@example.net,942898658
267,Joseph,Edwards,65420623,1994-08-21,M,dosborne@example.org,988758558
268,Michael,Young,36756980,1974-05-23,M,jamestaylor@example.org,966536611
269,Stephanie,Gomez,87416479,2005-10-06,F,orhodes@example.com,996222148
270,Gregory,Shepherd,66663276,1982-10-01,M,kara53@example.com,908370994
271,Tyler,Harvey,55971536,1988-09-16,M,joshua59@example.net,951776954
272,Melissa,Barber,14197568,1999-01-22,M,yhall@example.com,914302874
273,Jamie,Hurst,22549455,2000-05-03,M,yjones@example.org,951321941
274,Andrea,Thornton,81826773,1994-11-24,M,christopherrodriguez@example.com,908603729
275,Rachel,Fischer,79316064,1980-11-03,F,perryrandy@example.org,993178274
276,Sarah,Garcia,39533541,1993-07-21,F,stephaniealvarado@example.org,987911028
277,Steven,Frazier,10519230,1987-12-30,M,donnaswanson@example.com,917722186
278,Rodney,Butler,26096940,1948-01-28,F,nataliehunter@example.net,935628812
279,Jeffrey,Ewing,16947501,1977-09-15,F,brandonfuller@example.net,943198407
280,Penny,Hurley,40603713,1992-02-01,M,james06@example.org,921753985
281,Nicholas,Morrison,28425144,1946-06-17,F,westchristopher@example.com,979039618
282,Scott,Bray,73646098,1959-05-25,M,strongjeffrey@example.net,923438555
283,Dean,Smith,59033151,1997-04-11,M,mark47@example.net,958881841
284,Stephanie,Anderson,78006624,1980-01-06,M,cbutler@example.org,985820028
285,Loretta,Jones,52413980,1948-12-09,M,thomasjeanne@example.org,970955116
286,Taylor,Williams,70552090,1947-11-06,M,samantha60@example.com,994700276
287,Jerry,Brown,24466976,1970-10-12,M,ywarren@example.com,954099553
288,Derek,Keller,88295600,1984-11-15,F,ericjohnson@example.net,957442829
289,Bryan,Chang,41313763,1998-07-05,F,robertalvarez@example.com,970401070
290,Gregory,Conner,51980129,1954-08-24,F,danafranklin@example.org,902131670
291,Randy,Schmitt,27807319,1994-12-08,M,gabriel75@example.org,981939770
292,Amy,Long,20515910,1944-02-03,F,erinspears@example.org,920545511
293,John,Collins,81775550,1975-10-31,M,david26@example.org,938014377
294,Ryan,Webster,36537201,1962-10-21,M,ronald34@example.org,941808192
295,Christopher,Simon,24191623,1955-10-30,F,joshua54@example.com,905462617
296,William,Cabrera,47108629,1991-07-15,M,awhite@example.com,983127770
297,Jose,Rivera,71222715,1981-03-01,F,candice82@example.net,976314701
298,Jeremy,Keith,65437512,1959-12-15,M,pbishop@example.com,961843418
299,Destiny,Pierce,99609859,1948-06-13,M,jasonmaynard@example.org,929270284
300,Leah,Braun,75794552,1969-10-24,F,bautistajames@example.com,967330711
301,Donna,Flores,90170273,2001-08-16,F,jacksonbarbara@example.net,990513273
302,Roy,Rodriguez,92653998,1983-05-27,F,pearsonmary@example.net,912576539
303,Rachel,Mason,49118625,1978-07-15,F,amorgan@example.org,963147593
304,Kim,Miller,11332670,1996-01-20,F,richard57@example.net,919853047
305,Kevin,Underwood,62485326,2002-11-24,F,meadowssamantha@example.com,985685339
306,Suzanne,Larson,45462993,1960-01-04,M,lrosales@example.org,908723891
307,Dylan,Cain,27995357,1956-10-29,F,meganwiley@example.com,941998561
308,Joshua,Johnson,71240050,1969-01-11,M,alexander37@example.net,958931240
309,Steven,Poole,49364839,1990-12-16,M,richard22@example.net,992263664
310,Crystal,Morris,49679327,1950-04-22,M,alan02@example.org,931142946
311,Matthew,Sexton,92216193,1977-02-21,M,ptrujillo@example.com,951547763
312,Edgar,Mccoy,61665369,1958-02-23,M,tjennings@example.org,966314647
313,Troy,Silva,26708135,1981-09-08,F,sergio19@example.org,967504068
314,Aaron,Rose,32412388,1965-02-10,F,penny85@example.net,941120656
315,James,Thomas,60058938,1943-12-20,M,joyce92@example.com,910425411
316,Caleb,Juarez,67937217,1944-08-25,M,mjones@example.com,968188164
317,Gregory,Ross,46281550,2003-08-25,M,davisnicholas@example.net,982552548
318,Aaron,Willis,60384286,1943-12-23,M,josephanderson@example.org,904190161
319,Brandon,Rivera,70694998,1998-10-20,F,milleramanda@example.net,983882838
320,Dorothy,Clark,27003155,1973-09-07,M,grimesisaiah@example.org,939289037
321,Dennis,Norman,72919633,1991-10-05,F,sramos@example.com,928212215
322,Angela,Sanchez,61851940,1948-07-31,F,patrickjohnson@example.org,905348231
323,Bryan,Holden,23804930,1957-07-03,M,uwilkerson@example.com,979180876
324,Jeremiah,Cervantes,72238253,1970-02-24,F,ashleybradley@example.org,921159340
325,Mason,King,75590730,1959-01-09,F,lauracurtis@example.org,926680474
326,Edward,Fernandez,83801707,1962-08-07,F,wsampson@example.org,964005746
327,Sarah,Taylor,47340914,1960-04-14,F,graveschristine@example.org,933283690
328,Angela,Diaz,39669321,1963-03-30,M,catherinemiller@example.org,924801106
329,Taylor,Cook,81344973,1950-09-02,M,cameron93@example.org,917704194
330,Emily,Mercer,64572233,1978-07-09,F,oroberson@example.com,995563679
331,Ralph,Garcia,82878059,1972-09-13,M,michele11@example.com,959672781
332,Daniel,Barr,87479987,1982-08-09,F,serranoearl@example.net,989955986
333,Jerry,Jensen,77778942,1952-08-09,F,summerhenry@example.net,913916036
334,Ryan,Hayes,66264984,1971-03-30,F,pamelagray@example.org,906212200
335,Maureen,Walker,28864170,1983-02-28,M,kevingarcia@example.com,925416022
336,Leonard,Hull,99213386,1978-03-14,M,mirandadarrell@example.com,907745889
337,Kerri,Nelson,48618079,1995-08-30,M,larsongeoffrey@example.org,953423652
338,Brian,Cisneros,14603172,1976-01-22,M,taylorveronica@example.org,921148287
339,Sheryl,Black,10717485,1965-12-23,M,udavis@example.net,935877046
340,Patricia,Keith,95245936,1973-02-23,M,michael12@example.org,941058725
341,Sean,Gonzalez,23405952,1984-05-21,M,connie48@example.net,911199112
342,Amy,Berry,77376488,1980-11-16,F,nguyenchristopher@example.com,914595491
343,Zoe,Smith,82686051,1989-04-26,F,kylethomas@example.net,985201512
344,Amber,Smith,50949401,1972-11-02,M,amberbaker@example.net,935411078
345,Kimberly,Parker,72027708,1983-07-11,F,wilsonnathan@example.com,908853055
346,Emma,Smith,69538894,1960-02-08,M,brett45@example.net,942258565
347,Laura,Schmitt,80953296,1950-02-13,F,adaugherty@example.org,993797124
348,Barbara,Larson,75559553,1949-09-07,M,gibsontheresa@example.org,940298274
349,Jonathan,Ramirez,86053477,1990-01-13,F,ehuffman@example.org,984974582
350,Jennifer,King,96235763,1976-02-10,F,clayrobert@example.net,912441406
351,Mark,White,56461721,1941-11-02,M,russellelliott@example.org,965606468
352,Angela,Frost,52039620,1953-11-21,F,jgraham@example.com,961555704
353,Adam,Perez,27685651,1955-01-29,F,jordanbrian@example.com,954628452
354,Henry,Simmons,80462261,1944-02-03,F,perry16@example.com,919094007
355,Wendy,Davis,85348838,1968-10-29,F,sboyle@example.com,936461592
356,Paul,Hernandez,24885143,2003-05-22,M,ncollier@example.com,996663357
357,Sheila,Lewis,86405878,2004-07-27,M,hhardy@example.org,948959980
358,Tony,Myers,64410754,1975-12-17,F,daniel88@example.com,910024851
359,Ashley,Park,84284769,1973-05-18,F,patrickberg@example.com,932724853
360,Michelle,Carroll,65320420,1975-10-05,F,kjohnson@example.com,979255155
361,John,Powell,60196097,1979-10-27,F,pwallace@example.net,900180122
362,Raymond,Chapman,50817094,1945-06-08,M,edwinreed@example.org,937224521
363,Christopher,Lambert,64361382,1985-12-28,F,patricia16@example.org,990723629
364,Natalie,Garza,48500682,1993-10-10,F,wardapril@example.com,951080425
365,Kara,Fowler,52990990,1970-06-09,F,wmiller@example.com,936022588
366,Matthew,Martinez,89693402,1974-08-20,F,oharris@example.com,970490899
367,Zachary,Romero,47583467,1961-09-20,F,waynewashington@example.org,966409247
368,Richard,Murphy,32388460,1986-04-24,M,lhuff@example.com,937445464
369,Melinda,Hardy,21184557,1954-05-14,F,bradleyfritz@example.com,909553345
370,Rachel,Taylor,26695590,1945-05-09,F,ericacontreras@example.org,990704188
371,Jamie,Reid,92911854,1974-05-24,F,zwilliams@example.com,987107154
372,Robert,Ruiz,39277758,1974-03-27,F,stevencraig@example.com,972779675
373,Sarah,Boone,58370619,2002-03-12,F,zimmermanmelinda@example.org,987209913
374,Leslie,Franco,48653710,1947-11-22,F,aaronhernandez@example.org,964966883
375,Andrew,Ortiz,85902802,1979-10-05,M,carlosmorris@example.org,984892186
376,Matthew,Torres,96330830,1959-03-10,F,allison94@example.net,971801722
377,Christopher,Wood,49977909,1976-06-16,M,sandrahoward@example.com,990264662
378,Amy,Williams,93317609,1990-06-05,M,wkaiser@example.org,971296305
379,Todd,Olson,56104679,1965-02-08,F,nicoleryan@example.com,995882985
380,Donna,Molina,19702159,1945-11-25,F,fowlergary@example.org,937795821
381,Michelle,Silva,38947117,2001-08-07,M,zbryant@example.net,910012633
382,Frances,Best,97728434,1945-02-12,M,melanie96@example.org,940332803
383,Tristan,Davidson,28855675,1952-03-13,F,edwardsdarrell@example.org,908392615
384,Melissa,Sheppard,82917222,1995-07-04,M,claudiayoung@example.org,957481165
385,Claudia,Vaughn,70753716,1990-11-22,M,sarah16@example.net,981292111
386,Ronald,Murphy,50627299,1986-03-07,F,lmurphy@example.com,954927911
387,Tamara,Dudley,68571726,1998-06-16,F,krodriguez@example.com,930422990
388,Eric,Gibbs,18373351,1953-03-06,M,fleon@example.net,982091801
389,Jesse,Novak,53032879,1970-09-02,M,etran@example.com,985561644
390,Sherri,Stewart,74284166,1961-10-22,F,christine69@example.com,942302963
391,Julie,Murphy,38446125,2005-10-16,F,cmoon@example.com,937954910
392,William,Howard,93753074,1980-12-17,F,bmolina@example.net,992339265
393,Crystal,Jones,17843928,1998-06-18,F,rgrimes@example.net,951602957
394,Christopher,Carpenter,13186398,1965-02-16,M,geraldmiller@example.net,950956582
395,Jennifer,Waters,90711275,1943-06-30,F,david85@example.net,941629676
396,Jonathan,Stephens,66773626,1943-02-12,M,ilester@example.com,910583702
397,Laura,Hayes,49738920,2003-08-12,F,danieljones@example.com,986580443
398,Timothy,Watkins,17721486,1977-04-10,M,ashleybarker@example.com,940585603
399,Robert,Pineda,15328019,1954-04-19,M,cjohnson@example.net,905767472
400,Jacqueline,Fisher,41848713,1962-05-08,F,jonathan17@example.com,962111241
401,Rachel,Gonzalez,25880200,1990-10-30,M,kimberly88@example.org,906636862
402,Amanda,Smith,23872530,1987-11-13,M,jhammond@example.net,960661498
403,Joseph,Wilson,33844960,1963-08-08,M,timothy50@example.net,917320373
404,Matthew,Pittman,89918405,1978-04-20,F,sherry35@example.org,940002836
405,Gregory,Kirk,83243016,1961-06-03,F,jennifer80@example.org,940282966
406,Tiffany,Lopez,65723707,1949-05-25,M,sharon84@example.org,942798946
407,Cory,Nguyen,24722702,1951-03-02,F,lisapatton@example.org,991363231
408,Nicholas,Wagner,73118918,1946-08-06,M,madeline40@example.net,903578854
409,Mindy,Stewart,98138114,1964-08-07,F,yhill@example.org,975077981
410,John,Stewart,86610347,1996-09-12,M,joshua51@example.net,964583941
411,Michelle,Walker,27147646,1997-08-01,M,deanryan@example.net,940524162
412,Edward,Edwards,82865294,1993-07-07,F,lydia44@example.org,987423892
413,Scott,Kent,92053169,1951-12-13,F,diazashley@example.org,972715849
414,Andrew,Cruz,75709284,1995-03-05,F,csandoval@example.org,997981064
415,Timothy,Hernandez,96663995,1990-11-27,F,brownjames@example.net,939337222
416,Anne,Savage,11594232,1991-06-20,F,waynehowell@example.org,940296731
417,Amanda,Kelly,77375039,1982-08-21,F,adamsjoseph@example.org,999247659
418,Richard,Sharp,34163739,1960-05-08,F,elizabethwalker@example.net,913010345
419,Jillian,Ritter,18015080,1997-03-20,F,lloydjacob@example.net,964501854
420,Allen,Larson,92808844,1962-08-17,M,phardin@example.net,949001236
421,Benjamin,Ruiz,75531968,1964-05-16,F,shannon55@example.org,917761107
422,Rebecca,Lopez,23357771,1970-04-29,F,ischultz@example.org,913303979
423,Monica,Taylor,14010185,1977-11-20,M,whitedanielle@example.net,973736608
424,Rita,Bailey,15459254,1998-11-13,M,parkerlisa@example.net,972682822
425,Bonnie,White,26572993,1962-06-11,F,sarah38@example.net,931973698
426,Lawrence,Powers,78237244,1998-09-06,F,jacksonmelissa@example.com,955717418
427,Samuel,Perry,31297324,1995-01-29,F,deanjeffrey@example.org,996986317
428,Greg,Jones,62908766,2004-12-11,F,david87@example.com,949319070
429,William,Wong,55363791,1944-03-03,M,christophermurphy@example.com,989249640
430,Anna,Brown,35428265,1941-06-03,M,dillon18@example.org,962707647
431,Cody,Juarez,35005770,1968-11-02,M,zfuentes@example.org,969163888
432,Rebecca,Barnes,69885565,2000-05-20,F,daniel45@example.org,940384289
433,Felicia,Brady,35062246,1955-11-09,M,carrollgeorge@example.com,993027529
434,Patrick,Larson,33798006,1998-04-22,M,jo15@example.net,946324120
435,Jennifer,Gilbert,86699304,1949-12-20,M,mandyhall@example.com,989698381
436,Matthew,Gonzales,90773551,1957-06-05,M,hendersonandrew@example.org,989091628
437,Joe,Waller,67173945,2005-12-25,M,alexander86@example.org,995644955
438,Melissa,Dunn,19824155,1962-10-18,F,michael76@example.org,950595998
439,Mary,Chung,72466679,1976-09-16,M,webermatthew@example.org,919306963
440,Nicholas,Blackwell,28419735,2005-10-18,M,kevinnorton@example.org,994042508
441,Kathleen,Cook,27476874,2001-01-27,M,dspencer@example.com,930663634
442,Traci,Eaton,15943445,1952-12-19,F,theresa93@example.com,916135289
443,Brandy,Shelton,71875738,1977-02-22,F,hardycourtney@example.net,960789447
444,Joanne,Wilson,57713606,1969-09-14,F,carolynklein@example.org,968522724
445,David,Lindsey,32233499,2005-10-21,M,qmorales@example.com,988761411
446,Tracy,Andrews,50391946,1984-07-21,F,andrea17@example.org,968852771
447,Michael,Rhodes,66225254,1988-01-06,F,avilakyle@example.org,993878241
448,Jason,Fisher,64063284,1976-07-01,M,troy20@example.net,910834747
449,Raymond,Reyes,69493007,1999-07-05,M,lee72@example.org,991149019
450,Jerry,Green,77953963,1984-07-05,F,anne14@example.net,966206680
451,Kevin,Payne,34735882,1994-07-12,M,kimdiaz@example.net,990145386
452,Dwayne,Ortega,78824673,1954-05-04,M,justin34@example.net,989058643
453,Tara,Lambert,60423883,1987-10-27,M,swilliams@example.org,984928231
454,Sharon,Carter,75141151,1968-12-18,F,larryyoung@example.net,937221445
455,Melanie,Sexton,83908766,1965-10-01,F,brandymartin@example.org,919985662
456,Dylan,James,84775987,1984-11-18,M,petersleonard@example.org,966023319
457,David,Mooney,63926930,1958-03-28,M,daniel60@example.com,902199926
458,Elizabeth,Ibarra,38590287,1947-05-29,M,davidgonzalez@example.net,995944190
459,Ashley,Beasley,39200016,1972-06-24,M,cmoreno@example.com,924769321
460,Michael,Thomas,71820796,1955-04-06,F,christopher63@example.net,979443474
461,Kimberly,Neal,51769536,1970-02-14,F,shelby91@example.com,939089786
462,Jacob,Harris,17540188,1951-02-05,F,jonathan98@example.net,984129049
463,Justin,Garcia,18940341,1967-07-10,M,anthony53@example.org,986309671
464,David,Carpenter,16303200,1974-03-03,F,justinstout@example.com,998866349
465,John,Macias,41749798,1966-08-03,M,dannyperry@example.net,910305219
466,Rebecca,Li,59173192,2000-06-05,F,vhall@example.com,991129453
467,Bryan,Mcintosh,94138174,1978-06-26,F,ywiley@example.net,942856092
468,James,Wade,30663105,1951-04-07,F,emilyneal@example.com,909300919
469,Sara,Williams,54190648,1968-09-05,M,wgarcia@example.net,979733023
470,Lisa,Brown,64630112,1961-07-08,M,erin14@example.org,958317045
471,Emily,Collins,44496406,1982-05-03,M,maryjackson@example.com,997218186
472,Chelsea,Wilson,31549604,1953-03-03,F,xwilson@example.net,971410186
473,Victoria,Hayes,37547837,1993-09-26,F,isantos@example.com,908157435
474,Nancy,Herrera,28645199,1962-06-13,M,michaelfrench@example.net,969969922
475,Brooke,Martinez,95179893,1943-06-16,M,kevin48@example.org,992804594
476,Kaitlin,Phillips,95864054,1944-04-16,M,brandon61@example.net,992618663
477,Stacey,Thomas,70045013,1972-12-16,M,taylorgregory@example.net,910875756
478,Anthony,Sheppard,45401113,1965-05-22,F,ortiznatasha@example.com,931397335
479,Daniel,Clayton,38290628,1947-12-21,F,keith64@example.net,947048115
480,Melissa,Galloway,45834453,1949-07-29,M,john97@example.org,920612142
481,Eric,Palmer,40325501,1974-10-05,M,mark49@example.net,920296198
482,Emma,Cook,93369649,1952-06-12,M,bdorsey@example.com,901418421
483,Gary,Anderson,66448123,1975-09-07,M,longcarrie@example.net,974342010
484,Julia,Stein,96781911,2001-06-16,M,jamesnguyen@example.com,969647034
485,Courtney,Shaw,84542890,1946-11-02,F,jamesharrison@example.org,951599891
486,David,Davidson,33214158,1946-10-12,M,lindsay04@example.net,939023797
487,Katrina,Bell,90687460,1998-01-01,M,morrismiguel@example.net,978685953
488,Zachary,Mueller,25212692,1981-10-21,F,anthonyfloyd@example.com,925011459
489,Paula,Brown,45660156,1947-04-19,F,simmonsjoshua@example.org,923429300
490,Samuel,Garcia,51237541,1996-05-26,F,erik82@example.org,962413453
491,Stephen,Hughes,99447977,1982-06-15,F,wilsonstephanie@example.com,988596156
492,Daniel,Proctor,40575714,1958-10-31,F,gwalker@example.net,936814873
493,Donna,Hayes,65895774,1972-01-17,M,jessicanoble@example.com,947220958
494,Katherine,Martin,46887968,1940-05-05,F,tfuentes@example.org,902632263
495,Katherine,Williams,57182763,1957-08-21,M,wendy18@example.com,966110546
496,Sherry,Hamilton,60005815,1951-11-23,F,sharon92@example.org,921822777
497,Sabrina,Ho,73602478,2002-04-27,M,alison68@example.org,994807075
498,Brent,Thompson,37122218,1958-03-10,M,cscott@example.net,984792085
499,Ashlee,Jarvis,48906116,2001-04-16,M,nclark@example.com,903880848
500,Robert,Mcgee,59550771,1986-12-10,F,kimberly52@example.com,962189196
501,Linda,Good,15459860,1995-10-24,M,bradleyjohns@example.org,922624251
502,Angela,Meadows,65027058,1950-10-25,M,rogerguzman@example.org,978339053
503,Erin,Mckay,29998554,1977-03-04,M,pruiz@example.org,974742872
504,David,Reid,71757492,1972-09-16,M,uhoffman@example.net,982523074
505,Raymond,Butler,40198593,1947-05-21,M,jose79@example.net,931634958
506,Megan,Barnes,43372276,1949-10-29,M,smithjanet@example.net,900614931
507,Frank,Thompson,28184659,1961-08-06,M,jtorres@example.net,974645621
508,Scott,Thomas,78239968,1953-03-28,M,brooksjohn@example.com,968960675
509,Daniel,Campbell,13812584,2005-12-07,F,philip46@example.com,960671188
510,Tracey,Acevedo,55001452,1992-08-24,M,abyrd@example.net,916268956
511,Tim,Stone,17848410,1961-08-05,M,martinmichael@example.org,904310309
512,Hannah,Patel,71912647,1964-10-02,F,whitneysandra@example.net,963963567
513,Trevor,Arnold,54028631,1967-05-08,F,ianmejia@example.org,960027921
514,Joshua,Woods,19655188,1981-01-12,F,katherineblack@example.org,969490935
515,Alicia,Meadows,16563110,1970-12-13,M,rquinn@example.net,987848286
516,Joseph,Delacruz,55405697,1952-01-20,M,fchandler@example.net,917188297
517,Michelle,Dalton,50195456,1950-07-27,F,millerjames@example.com,934771283
518,Joe,Bradley,27476016,1950-09-29,F,douglasvanessa@example.net,947656164
519,Patrick,Sanchez,95188762,1971-04-24,M,rickyboyer@example.org,905629622
520,Erin,Henderson,69965500,1977-08-07,M,xparks@example.net,987014390
521,Laura,Atkins,61228218,1985-02-25,F,jasonmeza@example.com,948541582
522,Joseph,Brown,38379490,1950-09-26,F,wjones@example.com,967505861
523,Stephanie,Hendricks,77390959,2003-09-07,F,zlane@example.net,924169384
524,Crystal,Smith,85560096,1953-08-16,F,jeremytucker@example.com,912020823
525,Emily,Ho,52977580,1951-01-09,M,gina98@example.net,997369948
526,Dominique,Hunt,53623793,1962-07-04,F,katelynhall@example.com,971811675
527,Amanda,Ramsey,66750618,1947-03-11,F,paulyoung@example.org,937106446
528,Devon,Evans,57049197,1953-11-20,M,brooksgrace@example.net,937038181
529,Megan,Charles,27985802,1954-02-20,M,baileyshane@example.com,903179262
530,James,Bradley,56061901,1965-06-28,F,karen19@example.com,946722100
531,Calvin,Lewis,97961521,1970-12-15,M,pflores@example.org,995674361
532,Karen,King,84247916,1971-04-06,F,leejasmine@example.net,991654467
533,Christina,Parsons,21960236,1989-05-13,M,alanhill@example.net,976163800
534,Brooke,Tate,93532750,1946-11-30,F,ihatfield@example.net,994930521
535,David,Woods,49246402,1973-10-01,M,brandon04@example.org,924895508
536,Luis,Lowe,20968116,2003-10-14,M,mckinneyfrancisco@example.org,991157406
537,Jose,Stuart,77081016,1954-07-10,F,meltonpatrick@example.com,906303377
538,Cory,Chan,14059952,1944-08-23,F,deborah43@example.org,937066233
539,Charles,Smith,90297480,1982-09-17,M,jeffrey66@example.net,919087994
540,Lisa,Tucker,90480071,1972-04-15,F,ashleysmith@example.net,944240101
541,Kimberly,Sherman,27642435,1974-03-19,M,emmafigueroa@example.net,934083872
542,Cindy,Williams,23608373,1996-06-01,F,daniellemiller@example.net,903826408
543,Jackson,Price,89365538,1986-05-19,M,rmcdonald@example.com,915620510
544,Leonard,Ryan,42005161,1983-05-06,M,richardsimpson@example.org,912487288
545,Randall,Johnson,48376827,1993-01-18,M,johnsonnicolas@example.net,948046867
546,Nathaniel,Dixon,34682094,1990-04-29,F,jack91@example.net,944210227
547,Deanna,Herring,88927214,1947-03-28,F,othompson@example.com,963638758
548,Matthew,Short,83129574,1978-11-18,M,shermanluis@example.com,985917433
549,James,Mcpherson,85096508,1992-08-29,F,johnsonshawn@example.net,902903418
550,Savannah,Bryant,72851891,1995-02-03,F,reesechristopher@example.com,918557165
551,Lindsay,Henry,63299312,1968-01-14,M,erinarmstrong@example.net,985117432
552,Zachary,Smith,33413724,1951-06-16,M,duncannicole@example.net,984772387
553,Daniel,Jackson,32554796,1959-09-18,M,kellyhurst@example.net,948048143
554,Stephanie,Smith,40753028,1961-10-12,M,kari35@example.org,945019338
555,Latasha,Rodriguez,38796035,1975-08-24,F,zbanks@example.com,999253413
556,Omar,Bailey,71236355,2000-01-05,M,nguyenjose@example.org,931997067
557,Justin,Bowers,30270001,2003-12-22,M,careydanielle@example.net,971232041
558,Michael,Shannon,59780091,1985-09-26,F,richardmills@example.net,964992946
559,Cameron,Richards,39611511,1981-05-18,M,perezsteven@example.net,967955825
560,Tiffany,Wilson,26185971,1949-07-17,F,gwilliams@example.org,912122455
561,David,Collins,86457551,1996-05-16,M,sharon68@example.org,930498700
562,Brent,Foster,93123450,1943-06-25,F,vanessamedina@example.net,949501548
563,Jared,Franklin,63018026,1953-06-26,F,melissa03@example.org,923939457
564,Timothy,Sutton,80102993,1997-04-05,F,turnerdavid@example.org,902904964
565,Paul,Chambers,28207584,1957-08-12,F,millermichelle@example.com,922005420
566,Joe,Davis,96355759,1998-11-26,M,welchjennifer@example.com,966816561
567,Dawn,Burke,48563770,1967-12-15,M,tchandler@example.com,964836741
568,Jill,Williams,52841801,1961-01-27,F,garciacameron@example.net,996636690
569,Victoria,Lee,95142570,2002-10-28,F,shanevelazquez@example.org,962886479
570,Joseph,Rivera,62570189,1960-03-09,F,yzavala@example.org,986563132
571,Sarah,Kelly,70269125,1965-07-19,M,jennifer10@example.org,989426074
572,Kimberly,Carson,84966295,1947-03-19,M,millerdustin@example.net,900730183
573,Robert,Robinson,23593623,1948-09-25,M,josephvaughn@example.org,958964175
574,Kristopher,Rodriguez,37814288,1956-03-31,M,bhanson@example.net,947779864
575,Elizabeth,Guerra,34821806,1951-12-09,M,stephanie39@example.com,959484540
576,Ronald,Case,10020399,2000-07-22,M,pthompson@example.net,975780093
577,Christopher,Robles,68026924,1958-01-06,F,smithkristi@example.net,991518486
578,Laura,Duarte,58929538,1961-04-04,F,huntmichelle@example.com,907842935
579,Tasha,Sexton,37749333,2002-08-31,M,cwerner@example.net,904215082
580,Tabitha,Ward,77318865,1946-02-19,F,snyderjoshua@example.org,932553638
581,Aaron,Miller,90578082,1956-04-10,F,scottshelly@example.com,976548680
582,Barbara,Allen,46973790,1981-11-23,M,thomas29@example.net,963809343
583,Colleen,Johnston,53642953,1962-11-15,M,christopher15@example.com,966591661
584,Vanessa,Griffin,66051956,1949-11-28,F,lindawilson@example.net,937164962
585,Allison,Lewis,74810786,2001-05-30,F,clifford46@example.org,989351660
586,Stephen,Cox,77106080,1943-12-02,F,howardkimberly@example.com,902944374
587,Jacob,Long,10249852,1958-06-10,M,meyerkathleen@example.net,997511896
588,Todd,Gonzalez,92678159,1990-09-04,M,emartin@example.com,995395822
589,Jessica,Steele,15278974,2005-08-10,F,dannysosa@example.net,939474881
590,Johnathan,Cruz,77378002,1993-09-18,F,oneilljake@example.net,995372328
591,Robert,Stout,76287030,1973-07-03,F,sarahlopez@example.org,986851890
592,Julie,Porter,61109311,1974-12-24,F,tiffany12@example.net,994935175
593,Jennifer,Davidson,69381583,1993-06-26,M,zsanchez@example.net,973624802
594,Joshua,Figueroa,71750106,1965-02-18,M,tracypatel@example.org,976667251
595,Sarah,Allen,33075319,1955-05-01,M,pspears@example.org,967058491
596,Nicole,Mills,74947639,1957-09-19,M,ymartinez@example.org,992244544
597,Lisa,Watson,38781592,1979-04-11,F,crhodes@example.net,930864913
598,Garrett,Hoffman,14024204,1996-09-16,M,justinramos@example.net,983727938
599,Jesse,Myers,81872347,1989-08-15,F,rebeccaosborn@example.org,918045311
600,Colin,Ramirez,82077296,1981-11-20,F,xklein@example.com,983706935
601,Amanda,Bauer,26899778,1984-07-09,M,danieldavis@example.net,987415709
602,John,Chen,89608092,1969-11-02,F,icastillo@example.org,994250041
603,Danielle,Galvan,45499060,1960-10-21,M,hughesshawn@example.net,997871091
604,Alejandro,Velasquez,51451637,2002-08-14,F,ericaharris@example.net,910297051
605,John,Logan,69580367,1973-11-07,F,angie75@example.com,958563060
606,Laurie,Ortega,66745828,1959-03-20,F,karla89@example.net,910347246
607,Justin,Munoz,10298194,1972-03-01,F,robert19@example.net,949631245
608,Maxwell,Ramos,25381673,1984-01-21,F,rogersemily@example.org,958227819
609,Eric,Garrett,70656466,1941-09-02,M,hodgeslinda@example.net,964824459
610,Kimberly,Moses,92224240,1970-09-12,F,valeriemercado@example.org,984580811
611,Chelsea,Phillips,52904609,1970-12-26,F,vangmichael@example.net,944691451
612,Michael,Jackson,81022365,1978-04-01,M,frederick77@example.org,999146943
613,Jennifer,Mckinney,62397366,2002-03-30,F,christophercampos@example.org,968787932
614,Sean,Holmes,94550774,1964-09-19,M,justinwheeler@example.net,927659755
615,Amanda,Keller,80162955,1986-04-05,F,clarksamantha@example.net,958420918
616,Christopher,Henry,19888072,1960-08-25,M,paulawelch@example.net,931842129
617,Ralph,Johnson,16752860,2001-08-16,M,sara80@example.net,918333740
618,Kristi,Reynolds,49892143,1992-02-28,F,colleenpatrick@example.com,919148335
619,Mark,Berry,29299605,1980-03-04,M,laurie71@example.com,917071602
620,Natalie,Perez,21163572,1953-08-20,M,bpowell@example.org,913450298
621,Rhonda,Sanders,82880563,1993-04-28,F,sharmon@example.net,918136752
622,Justin,Richards,74919223,1974-01-21,F,jennifer79@example.com,942918738
623,Vanessa,Cruz,47119124,1991-02-28,M,keith92@example.org,991458778
624,Rebecca,Morales,37258141,1961-07-26,M,ydecker@example.org,999781321
625,Jennifer,Wilson,79994920,2000-08-16,F,sarahdavis@example.com,928915635
626,Raymond,Castro,27178993,1950-10-29,F,frankwilliams@example.net,986029637
627,Karen,Zimmerman,52271963,1993-01-18,F,deanna27@example.org,943889110
628,Carol,Shepherd,30029137,1996-04-12,F,jonathan91@example.net,962970967
629,Kent,Miller,10323383,1998-09-12,F,michael43@example.net,950903265
630,Michael,Black,41038358,1959-06-11,M,floressteven@example.net,903976512
631,William,Reyes,72838135,1976-04-20,M,annettepetty@example.org,948849818
632,Alexa,Davis,41426884,1986-07-31,F,hjohnson@example.org,919782380
633,Christopher,Simpson,76609671,1985-01-06,M,david55@example.com,972531164
634,Laura,Armstrong,16894599,1961-01-20,M,ruizwilliam@example.net,902203546
635,Dawn,Gutierrez,75609362,1976-07-24,M,sarah23@example.net,965261610
636,Tiffany,Thomas,97077166,1991-02-14,F,cody97@example.org,910257289
637,Michelle,Robles,79971929,2000-05-12,F,robert81@example.org,927851987
638,Corey,Pennington,56867018,1948-03-31,M,michael63@example.com,969530035
639,Beth,Collins,27699188,1941-02-06,M,lambmichelle@example.net,911496036
640,William,Stephens,62030614,1948-05-28,F,smarshall@example.org,922255528
641,Russell,Cooper,44296636,2004-04-10,M,amandataylor@example.com,905329125
642,Katrina,Contreras,90501002,2002-02-03,M,gomezderek@example.net,990501315
643,Christina,Cox,31398461,1953-11-16,F,joshua46@example.org,953283010
644,Lindsey,Quinn,68019771,1970-08-10,F,amber99@example.com,970354319
645,Kevin,Farley,50335578,1992-01-06,M,william07@example.org,936078423
646,Tara,Nichols,35428702,1951-07-09,M,frazierpaul@example.org,928339177
647,Christina,Morrow,58972781,1993-01-16,F,williamscathy@example.net,930124881
648,Lindsay,Patel,94490107,1977-08-25,M,johnsonapril@example.net,950792753
649,Thomas,Boyer,74438458,1976-01-02,F,adambanks@example.com,975841725
650,Johnathan,Logan,88126606,1944-06-03,M,ghenry@example.net,960131550
651,Lisa,Beck,10666438,1962-08-10,M,brianryan@example.net,943276503
652,Michael,Perez,33384603,1994-12-24,F,gmiller@example.org,912595158
653,John,Lester,18101865,1950-05-06,M,meadowsjohn@example.org,946148619
654,Melvin,Carpenter,80440390,1951-11-02,M,kristylloyd@example.org,982754144
655,Donald,Simon,31135464,1983-03-28,M,cooperjay@example.net,945331471
656,Cesar,Donovan,72792980,2002-04-27,F,carolspencer@example.org,912096079
657,Amy,Morris,77464343,1953-10-22,F,laura23@example.org,940305515
658,Megan,Wu,24603842,1958-05-22,M,graveskeith@example.com,911703040
659,Michelle,Thompson,39292984,1991-02-09,M,jennylee@example.org,925550072
660,John,Cervantes,50301156,1964-08-08,F,garciaderrick@example.net,947337087
661,Alan,Jordan,72212320,1952-09-25,M,lawrencehayes@example.net,969282805
662,Karen,Gonzalez,81223688,1969-06-03,M,ncarrillo@example.org,989869547
663,Joy,Chandler,60936358,1990-10-05,M,gutierrezsavannah@example.org,980938686
664,Christina,Stephens,93722121,1962-03-21,M,jeanettemorgan@example.org,962767012
665,Jody,Martin,55181460,1997-11-18,M,kimkatherine@example.net,932594634
666,Michael,Joyce,18991664,2002-07-07,M,calebnelson@example.net,943944660
667,Pam,Jones,27107988,1985-11-14,M,parkerkarla@example.org,992822590
668,Brent,Griffith,10604005,1954-12-31,F,autumn70@example.com,983025751
669,Joseph,Walter,22033393,1969-09-05,M,serranocathy@example.com,970323266
670,Evelyn,Martin,54393176,1973-11-23,M,stephenperry@example.org,933683352
671,Mark,Roberts,20058642,1989-06-19,M,wwilson@example.org,979389035
672,Michael,Ramirez,52052634,1944-01-24,F,larrymontoya@example.com,980433373
673,Billy,Smith,72881082,1998-03-14,M,ylewis@example.net,955853326
674,Randy,Tucker,42720941,1977-07-18,F,waltermartinez@example.net,915087492
675,Noah,Brown,29681092,1942-12-09,F,daniellerivera@example.net,905226453
676,Katherine,Lee,62534503,1998-05-09,M,johnknight@example.net,986337765
677,Norma,Mendoza,90454001,1947-11-14,M,lancemahoney@example.com,988327884
678,Leslie,Chavez,87215792,1982-06-11,F,qarmstrong@example.com,973806808
679,Michael,Flynn,36023711,1954-03-01,M,christopherrichard@example.net,978510489
680,Brenda,Moses,34688632,1952-06-28,M,joshua76@example.com,926927468
681,Luke,Hodge,91544393,1947-07-28,M,robertmoore@example.com,999283199
682,Melissa,Burns,49586913,1966-11-29,M,wconner@example.org,966411943
683,Ashley,Mercer,79568493,1957-12-29,M,brownalexander@example.net,931262583
684,Derrick,Franklin,13241712,1985-09-12,M,brownstephanie@example.org,918715913
685,Debra,Williams,90844522,1950-05-29,M,xperry@example.com,989111768
686,James,Dudley,87585572,1956-11-20,F,nicholas69@example.net,931997854
687,Zachary,Brown,88071127,1998-05-30,F,robert81@example.net,917365640
688,Nicolas,Davis,44320238,1973-03-11,M,coltonwilson@example.org,903042867
689,Denise,Rice,84914210,1992-01-02,F,schultzroger@example.org,935529214
690,Tommy,Warren,51107600,1967-02-24,M,edwardsmiranda@example.net,941961929
691,Steven,Garza,48018589,1962-12-02,F,amysingleton@example.net,900547278
692,Elizabeth,Brown,47618251,1963-08-30,M,cadams@example.net,980696627
693,Christopher,Ware,71063710,1998-09-04,M,williamharris@example.net,908476011
694,Tamara,Robinson,91039424,1984-02-05,M,erichill@example.net,976695411
695,Zachary,Brown,19461731,1982-06-01,F,huntersandra@example.org,941943358
696,Melvin,Miller,84056565,1961-10-26,F,vanessa37@example.org,964016858
697,Andrew,Saunders,28428739,1970-10-19,F,steven42@example.org,972185266
698,Christine,Romero,70122178,2002-12-22,M,robin82@example.net,992215983
699,Elizabeth,Ortega,89125127,1974-08-15,M,bishopalejandro@example.org,985255373
700,Ana,Harmon,66254718,1943-03-29,M,hendersontina@example.net,980444223
701,Jessica,Morris,83324969,2004-08-31,M,ryanhall@example.com,986129637
702,Douglas,Schmidt,69548153,1982-09-08,F,maddoxdaniel@example.net,942762783
703,Stanley,Li,64786186,1969-09-01,F,christopher61@example.com,907903267
704,Sara,Garcia,47277570,1949-10-19,M,billy13@example.com,912165764
705,Rodney,Hubbard,31212808,1946-12-31,M,christineyoung@example.com,937962678
706,Sheryl,Griffin,33749650,1954-01-04,M,jennifer82@example.com,966519034
707,Caitlin,Lewis,14394447,1996-02-22,F,sarah31@example.net,959090836
708,Frances,Richard,38973892,1962-04-13,F,mark58@example.org,904626319
709,Jamie,Huff,88670022,1981-10-18,F,mcastaneda@example.org,962012906
710,Cody,Brown,37098601,2000-07-11,M,bailey20@example.com,998028719
711,Caitlyn,Duncan,15651308,1954-12-28,M,howardbradley@example.com,955524694
712,Haley,Reed,81428700,1982-07-26,F,padillabrian@example.net,900980502
713,Joshua,Malone,17934578,2003-08-28,M,bwilliams@example.net,976620458
714,Andrea,Michael,89701591,1966-09-22,M,jasongarcia@example.com,964243405
715,Allison,Lang,58979557,1992-03-01,F,danielle04@example.net,962091451
716,Eric,Martin,86186150,1960-02-10,M,dawsonsusan@example.org,946165877
717,Jessica,Munoz,85062412,1944-06-26,F,khoward@example.org,996939963
718,Rachel,Shah,24670300,1949-11-24,M,hrichard@example.com,945143742
719,Kristy,Castillo,25737105,1972-04-04,M,kevinyoung@example.net,964208120
720,Carla,Briggs,39644628,1970-09-05,F,matthew14@example.com,967996338
721,John,Blevins,48075071,1942-08-10,M,kirbyalexandra@example.net,966614452
722,Darren,Rhodes,22339154,1954-03-12,F,james93@example.org,972571148
723,Amy,Hernandez,85557178,1994-06-29,M,vjones@example.com,980165731
724,Laura,Perez,88028079,1966-06-24,M,williamsnicholas@example.org,984640457
725,Raymond,Rodriguez,20901632,1987-03-01,M,ealvarez@example.net,941829518
726,Matthew,Martinez,94155690,1987-09-05,F,calderonmichael@example.com,961497843
727,Samuel,Saunders,94560091,1968-10-02,M,jeremy74@example.org,900944683
728,Jeffrey,Martinez,41531492,1988-08-09,M,harringtonlarry@example.org,965412879
729,William,Miller,36981991,1945-11-09,M,morganmiller@example.net,976011267
730,Stanley,Stokes,37425315,1951-02-11,F,robert05@example.org,919360515
731,Sheila,Hernandez,87415081,1973-11-15,M,martinezjason@example.com,955040685
732,Sandra,Griffin,55154404,1967-08-19,F,griffithdevin@example.org,911021710
733,Daniel,Brennan,43802048,1979-09-12,M,alexis26@example.com,985604410
734,David,Wells,36982205,1998-08-11,F,davidwells@example.net,945033754
735,Terri,Murray,43595340,1967-12-23,F,danieljohnson@example.net,920963662
736,Desiree,Davis,20728750,1951-10-04,F,jennamoore@example.net,965913580
737,Mark,Baldwin,87880106,1941-05-29,M,clarkdanny@example.net,962307787
738,Tammy,Carpenter,37921179,1978-12-16,M,ohernandez@example.com,969479062
739,Jennifer,Hoffman,32222573,1996-10-19,F,esparzashannon@example.com,988097184
740,Stephanie,King,73525126,1941-01-14,F,ethan46@example.net,938166662
741,Susan,Owens,91813368,1985-05-10,F,epeterson@example.com,915090585
742,Joshua,Miller,57654494,1966-07-29,F,jdunlap@example.net,950816035
743,Daniel,Stone,51448644,1960-09-18,F,kristenbaldwin@example.net,981537165
744,Kyle,Schneider,78803334,1973-02-16,M,marshallkevin@example.org,911125374
745,Christopher,Hudson,28789284,1962-03-27,M,annfitzgerald@example.org,937311861
746,William,Washington,89073313,1951-09-07,F,connie60@example.net,913272145
747,Patricia,Crawford,19158160,1959-09-01,M,weekskathryn@example.org,995400948
748,Alan,Shepard,63581801,1945-06-16,M,joshua53@example.net,963289332
749,Michelle,Weber,39373601,1987-03-16,F,timothysavage@example.com,935098141
750,Nicholas,Shah,55143724,1968-09-15,M,crobertson@example.net,909951386
751,Susan,Thomas,14352738,1965-05-19,F,carolmorris@example.net,986623828
752,Tracy,Meza,50806832,1973-03-17,F,thomashenderson@example.net,994211478
753,Christopher,Brown,19407212,1974-03-22,M,william08@example.com,982613322
754,Randy,Pham,98418435,1978-10-07,F,laurenwarner@example.com,959303892
755,Marilyn,Hayes,74373353,1979-06-14,M,heidi52@example.org,996750249
756,Jessica,Torres,80499109,1996-04-16,F,lynchstacey@example.net,991649965
757,Michelle,Perkins,61573843,1971-08-04,F,rollinsemily@example.net,963233113
758,Carlos,Burton,67259254,1980-04-12,F,guerreroeric@example.org,992002231
759,Jessica,Stark,79816266,2004-12-03,M,epalmer@example.com,940308498
760,Diana,Owens,14938730,1954-04-02,M,bartonandrew@example.net,939207729
761,Caitlin,Brennan,42778187,1941-10-01,F,williambrennan@example.net,972204609
762,Carolyn,Mayer,52889008,1972-09-06,F,jamesboyd@example.com,955039599
763,Tim,Stevens,43890660,1992-09-12,F,wbrown@example.com,957474741
764,Breanna,Stone,86251205,1961-02-09,M,ewoods@example.org,915042867
765,Brian,Hudson,49248749,2000-09-06,M,zmurphy@example.com,914930989
766,Rodney,Bass,88165406,1953-04-18,F,mmays@example.com,961015068
767,Anthony,Ward,34950916,1949-07-07,F,adam50@example.com,931540389
768,Ashley,Brown,93452221,1982-07-02,M,gilltabitha@example.net,954376610
769,Brittany,Morgan,50890011,1985-02-23,F,uschmidt@example.org,989735137
770,Julie,Mitchell,63375473,1949-08-29,F,cfletcher@example.com,904999063
771,Alex,David,70623744,2004-06-27,F,fisherjason@example.net,900800512
772,Dustin,Brown,48478338,1965-04-13,F,victoriaortiz@example.org,909617307
773,Angela,Torres,46917488,1988-04-30,F,garzakaylee@example.com,992998519
774,Luis,Jenkins,19874680,1980-02-21,F,monicawarren@example.com,990460180
775,James,Ibarra,39674834,1980-09-09,M,shawcarmen@example.com,934828512
776,Kevin,Rodriguez,76008788,1975-02-09,F,ashley60@example.net,918450182
777,Elaine,James,30802321,1979-11-07,F,catherineguzman@example.org,905768093
778,Michael,Sloan,87046924,2002-01-12,F,jay65@example.com,927245896
779,Jeffrey,Williams,19628577,1976-11-14,F,anthonyodonnell@example.com,929696249
780,Michael,Page,50732569,1971-12-09,M,zimmermantaylor@example.net,964180753
781,Lisa,Hunt,43982536,1941-09-14,F,parkersteven@example.net,922575555
782,Kevin,Reynolds,84253261,1957-09-16,F,katherine49@example.com,930980953
783,Jacqueline,Knight,59613752,1954-06-22,F,richardmorris@example.net,932176418
784,Debra,Kim,47916124,1979-06-29,F,edgarkim@example.com,911907259
785,Dennis,Fuentes,21730444,1946-06-10,F,meyersangela@example.org,978303588
786,Timothy,Daniels,76560636,1954-01-11,M,andrew49@example.com,942716957
787,Travis,Chambers,24878718,1949-07-24,F,william32@example.net,996627993
788,Eric,Campbell,27246992,1947-01-30,F,teresa27@example.org,933101896
789,Tamara,Huang,10822461,1967-01-27,F,gmartinez@example.net,997242990
790,Andrew,Wallace,98329727,1973-10-30,M,joelcarson@example.org,970875447
791,Tammy,Jackson,45967462,1981-03-06,F,dcole@example.net,904120903
792,Sherry,Price,41584251,1992-07-02,F,mayoamanda@example.com,904614921
793,George,Chen,35028202,1940-05-19,M,orozcomichael@example.com,988942574
794,Eric,Spencer,25306192,1961-03-13,M,craigblake@example.org,930923316
795,James,White,70151789,1962-03-07,F,crosssuzanne@example.org,973166111
796,Cassandra,Orozco,28072330,1986-01-01,F,savannah05@example.com,905078113
797,Roberto,Gross,67178381,1980-05-07,M,joshua74@example.org,934581576
798,David,Mccall,27988035,1975-09-18,F,russelledward@example.net,933428200
799,Michael,Robles,18869406,1966-01-11,M,ashleycruz@example.org,960389783
800,Jeremy,Alvarez,14477536,1983-05-24,M,paceronald@example.org,903318060
801,Brady,Nunez,69170019,1991-12-13,F,davidgraves@example.com,905635331
802,Melissa,Bowman,52051149,1995-08-17,M,david99@example.com,974329036
803,Jacob,Gibson,47128174,1985-05-15,M,qrodriguez@example.net,977302341
804,Travis,Fields,29073846,1994-10-29,F,amyjohnson@example.net,935740543
805,Megan,Hunter,30921916,1953-11-28,M,johnsonjames@example.net,985924363
806,Dwayne,Vargas,64615754,1981-07-06,F,mhinton@example.net,961616268
807,Kimberly,Wilkinson,27264034,1964-10-04,M,wwatkins@example.net,931560783
808,Pamela,Torres,93419227,1983-12-03,F,shawn40@example.com,950329321
809,Isaac,Williamson,62130312,1946-11-17,F,cindymaxwell@example.org,919449088
810,Cindy,Mcguire,27627479,1994-08-30,M,bradleyharrell@example.org,917659090
811,Jessica,Nelson,69983424,1956-05-10,F,jasonparker@example.com,964141683
812,Jonathan,Jensen,89765714,1952-07-08,M,tracy56@example.com,921855578
813,Chelsea,Osborne,75715604,2001-09-02,M,qjensen@example.net,910173074
814,Vanessa,Rivers,83542318,1989-09-02,F,hobbsjoshua@example.org,919554068
815,Daniel,Adams,57205873,1979-03-07,F,wilkinsondeanna@example.net,971619069
816,Troy,Miller,23488722,1999-01-09,M,carrie33@example.net,960341141
817,Tonya,Lindsey,47444379,1994-10-17,F,johnsonbryan@example.com,919084731
818,Colleen,Morales,64148198,1997-09-20,F,paulherring@example.com,960584890
819,Amanda,Bailey,27688244,1950-11-30,F,andrea59@example.net,977600109
820,Tanya,Moore,55999319,1943-05-13,M,anthonydaniel@example.org,950911675
821,Jeffrey,Smith,67742887,1948-04-24,M,gcontreras@example.net,929699250
822,Brandy,Pratt,84791081,1981-04-15,F,bgonzalez@example.net,925862092
823,Mark,Norris,86982711,1999-03-08,M,shaneatkinson@example.org,944238936
824,Valerie,Tapia,23346609,1984-12-09,F,steven59@example.com,911759443
825,Rebecca,Summers,63139999,1948-12-02,M,fdonaldson@example.com,944955062
826,Richard,Hopkins,65155887,1944-09-22,F,jacob76@example.org,972554583
827,Casey,Sanchez,43151568,2003-11-23,F,owendarrell@example.org,958252219
828,Jennifer,Herrera,70617956,1945-05-16,M,anthonystevens@example.org,952984439
829,Ashley,Davis,65854885,1958-06-03,M,traciramirez@example.org,976916393
830,Matthew,Cantrell,58667092,1983-07-16,F,perezjennifer@example.org,979323553
831,Jose,Love,87988843,1992-04-14,F,eric43@example.org,999886575
832,Kevin,Levine,48514148,1971-03-12,F,garciamelissa@example.net,989580207
833,Brian,Herrera,42762244,2000-05-03,F,matthew22@example.com,983590205
834,Allison,Hall,30260067,1995-02-23,F,bethanyrojas@example.com,901666683
835,Daniel,Chaney,99836702,2000-08-09,M,sarah13@example.com,972370820
836,Jonathan,Wright,44582609,1978-01-07,M,christopher76@example.com,998464407
837,Shelby,Clark,81177072,1983-06-23,M,jacobdavis@example.org,912420507
838,Curtis,Schwartz,50571098,1974-09-22,F,dsantos@example.com,905167507
839,Tamara,Fry,83599864,1979-02-15,F,westdawn@example.org,939598207
840,Amber,Murillo,49184637,1953-12-02,F,garrettpeters@example.org,900208641
841,Howard,Russell,90938143,1982-05-08,M,jlewis@example.net,967750959
842,Stephen,Hicks,47380446,1974-01-01,M,craigroman@example.net,986413974
843,Michelle,Dawson,17006256,1975-05-31,F,javier23@example.org,932488226
844,Thomas,Turner,62450991,1999-06-26,F,dixondaniel@example.net,905561854
845,Kelsey,Moore,12822141,1984-12-12,F,egreen@example.com,914242277
846,Linda,Reyes,55294200,1946-03-16,F,tanya86@example.com,987588076
847,Veronica,Mitchell,97704013,1987-11-12,M,mellis@example.com,911362520
848,Ariel,Sweeney,76307664,1947-06-10,M,grant41@example.net,952018246
849,David,Roberson,48090135,1970-11-29,M,powens@example.org,920260515
850,Lacey,Stephenson,67622202,1961-12-09,M,xlambert@example.org,914774219
851,Brandy,Smith,90128343,2001-01-04,F,sanchezmelissa@example.org,996743528
852,Louis,Dunn,17489739,1944-12-08,F,lauren86@example.com,988431212
853,Linda,Schroeder,63136939,1976-01-19,M,douglasdavis@example.com,975956138
854,William,Wilson,25166904,1986-10-20,M,matthew99@example.org,920850124
855,Jonathan,Davis,83267691,1994-08-10,F,goliver@example.net,953132435
856,Jeffrey,Parker,20006349,1997-01-27,M,pamela74@example.org,977796776
857,Maria,Williamson,15032513,1964-12-14,F,newmanjames@example.com,991120343
858,Michelle,Kelley,89020017,1993-08-23,M,reginald94@example.org,945478370
859,Mary,Campbell,81590344,1955-09-02,M,stephanie10@example.net,980196993
860,Daniel,Weaver,50062325,1984-04-18,F,kevinwilkins@example.com,925357442
861,David,Miller,93366295,1944-08-11,F,danielclark@example.com,946643750
862,Tracy,Pena,80712747,1988-11-12,M,darrell36@example.net,902373444
863,Tracy,Jenkins,76972600,1979-12-02,F,smithcorey@example.net,939297440
864,Tara,Todd,45466758,1971-12-07,F,jason05@example.com,964346956
865,Amy,Whitaker,43220056,1980-04-07,F,williamhamilton@example.org,966274062
866,Catherine,Preston,81151452,2001-10-13,M,thomas86@example.net,949825840
867,Jordan,Keller,58427418,1966-10-24,F,crossadriana@example.com,920893012
868,Kristen,Williams,75976580,2005-11-05,M,vgarrett@example.org,924346996
869,Frank,Shea,39322179,1966-01-11,F,campbellbrian@example.com,919488973
870,Shannon,Armstrong,71748774,1962-11-30,F,tyler60@example.org,912564796
871,Samantha,Foley,74809197,1992-06-03,F,bgreen@example.org,923710459
872,Russell,Tucker,25517394,2000-06-22,M,ericmeza@example.org,929351813
873,Robert,Brady,78817510,1975-09-01,M,brendacrawford@example.net,914525027
874,Thomas,Moon,27075880,1956-09-02,F,kennethmcdaniel@example.net,916821587
875,James,Robinson,92158242,1965-02-02,F,kevinmartinez@example.com,998063498
876,Christina,Perez,49497532,1974-05-08,F,qmartin@example.com,932390051
877,Mike,Rose,99844160,2001-07-10,F,hancockchristina@example.com,926647581
878,Erica,Hamilton,40143261,1963-06-27,F,lopezrobert@example.com,932680133
879,Amy,Guerrero,73779549,1947-11-30,F,pguerrero@example.com,990375955
880,Michael,Black,65039972,1966-07-31,M,ijackson@example.org,963880574
881,Justin,Garner,16819357,1979-07-18,M,ccosta@example.net,979392651
882,Calvin,Thomas,80770154,1945-10-05,M,paulramos@example.org,970217447
883,Derrick,Holder,40414963,1977-09-02,F,leonjohn@example.com,925625468
884,Richard,Berg,46352815,1943-01-06,F,ronaldhughes@example.org,968983263
885,Angela,Warner,89919371,1982-08-11,M,reidamanda@example.org,996089116
886,Mckenzie,Osborne,85450909,1942-12-25,M,jillbell@example.net,919644718
887,Jeffrey,Armstrong,91266159,1954-02-20,F,raymondsmith@example.net,986218802
888,Jamie,Ramsey,38911385,1956-11-18,M,donna99@example.org,997916838
889,Paul,Collins,41400439,1982-04-16,M,gpham@example.net,992716389
890,Lisa,Scott,44753596,1948-02-25,F,briananderson@example.com,990016897
891,Jeremy,Thompson,61287018,1951-01-13,M,aguilarchristopher@example.org,986875546
892,Christopher,Horton,10829131,2003-09-12,F,tristanray@example.net,910042651
893,Kristi,Murphy,52516689,1994-07-16,F,mariebenson@example.net,942746078
894,Andrew,Gillespie,76651503,1979-02-07,F,cassandracordova@example.net,902136548
895,John,Sanchez,84330402,1997-07-20,M,julie27@example.com,912238842
896,Andrea,Carney,38358386,1989-03-07,F,lanelinda@example.net,993343356
897,Ashley,Myers,49555020,1998-10-31,M,scollins@example.com,975608008
898,Brittany,Garcia,53277274,2003-06-11,M,kmorrison@example.org,965373925
899,Colleen,Faulkner,29942608,1949-07-20,F,jerry89@example.com,906912784
900,James,Adams,31449779,1987-04-03,F,perezethan@example.com,921017077
901,Jennifer,Miller,38467236,1945-06-01,M,benjaminleah@example.net,923312713
902,Nicole,Bartlett,58067083,1959-10-07,F,danielandrews@example.org,933664817
903,Anna,Green,93415161,1949-10-10,F,michael01@example.net,936788898
904,Chad,Hicks,46897276,2002-02-16,F,kenneth72@example.com,992568587
905,Jeffrey,Douglas,10217753,2005-06-17,M,jeremysteele@example.net,966985996
906,Michael,Valdez,27744610,1971-03-23,F,croberts@example.net,989505720
907,Katie,Johnson,25618066,1982-04-21,M,amanda55@example.com,986934972
908,Amanda,Fowler,65764681,1985-04-03,M,rhodeschristy@example.com,957461583
909,Jason,Hamilton,91977775,1982-02-15,M,cevans@example.org,925284253
910,Bryan,Harris,75717253,1949-11-17,M,rjohnson@example.com,929054844
911,Heather,Moore,48133868,1961-10-16,F,nwilson@example.com,999105610
912,Kristi,Acosta,41712474,1986-12-18,M,kevintran@example.org,938616231
913,Veronica,Wilson,31233691,1994-09-17,M,aaron50@example.org,991453576
914,Sarah,Richard,17008713,1944-06-19,M,lowejohn@example.com,951750270
915,Tiffany,Flores,56149957,1982-06-02,M,gregory42@example.org,976446560
916,Jose,Carrillo,21339306,1993-09-23,M,arnoldalison@example.net,946582523
917,Harold,Koch,17680955,1951-07-17,M,rachel14@example.net,975132295
918,Angela,Burch,27395953,1972-04-19,M,thomas98@example.net,978482734
919,Nathan,Henderson,49368928,2004-06-27,M,johnsonjim@example.net,917627097
920,Ann,Wright,76819748,1991-06-11,F,mwhite@example.net,948346155
921,Mary,Ward,10753792,1983-08-01,F,courtney04@example.org,962169788
922,Kendra,Parsons,32041371,1971-08-20,M,nherrera@example.com,948715400
923,Sara,Zamora,89425882,1943-12-18,F,nramirez@example.com,950157338
924,Whitney,Baker,34111030,1956-12-26,F,kestrada@example.org,998584192
925,Jason,Hester,81933900,2001-12-16,M,mahoneymary@example.com,906401919
926,Ian,Wong,58290569,1949-05-26,F,beanjamie@example.org,906496493
927,Karen,Warner,33020836,1967-10-21,F,mooreadam@example.org,980421107
928,Sonya,Zimmerman,90776647,1973-10-16,F,alex56@example.net,901839210
929,Dale,Adams,78377459,1943-06-11,F,uolson@example.net,925529200
930,Alyssa,Lawson,39460815,1951-11-29,F,pattersonlynn@example.net,932453101
931,Chase,Mullins,59912412,1961-03-04,M,burgesskimberly@example.org,910157908
932,Charles,Jones,41044704,1979-10-31,F,walterjacobs@example.com,953428307
933,Lorraine,Dixon,61403746,1994-06-07,M,mcintyrestephen@example.com,939922678
934,Becky,Cox,70465076,1996-02-12,F,stephanievillarreal@example.org,992328238
935,Ricky,French,88097543,1965-10-13,F,gcooper@example.net,952870432
936,Caleb,Beck,65719416,1944-02-08,M,myersjessica@example.com,954045170
937,Christie,Thomas,26431622,2001-08-02,M,arroyocharles@example.com,984617638
938,Barbara,Woods,61472906,1993-04-27,F,kpowell@example.com,924866053
939,Troy,Torres,54301792,1952-02-03,F,sbrady@example.net,947607611
940,Denise,Greene,89971059,1962-09-21,F,elambert@example.net,934368192
941,Natalie,Perkins,34573538,1972-09-15,F,carrieclark@example.com,922298956
942,Ryan,Jenkins,99432211,1952-06-23,M,uknight@example.org,912858247
943,Michael,Dunn,73606002,1962-07-15,M,scottsmith@example.net,988691269
944,Eric,Winters,96824086,1999-07-31,F,theresa97@example.org,972276546
945,James,Green,85547296,1961-01-24,F,parkerreginald@example.net,969443952
946,Gregory,Harris,35531972,1976-06-06,F,jrodriguez@example.com,977894054
947,Randy,Jenkins,42097709,1947-12-03,M,trodriguez@example.net,911048741
948,Andrea,Alvarez,34566403,1964-12-20,F,silvacourtney@example.com,900496686
949,Corey,Guerrero,72215769,1976-05-20,M,jeffrey18@example.net,973572742
950,Jessica,Taylor,60210220,1948-06-03,M,ronald60@example.com,979594551
951,Jeffery,Guzman,20447137,1942-05-08,F,robertriley@example.net,918318894
952,Zachary,Day,51696668,1982-03-31,F,melissa10@example.org,965929770
953,Christina,Brock,60350590,1979-12-11,M,walkersteven@example.org,996915728
954,Devin,Blanchard,58297547,1983-12-09,M,reynoldsmeredith@example.net,912352610
955,Jason,Casey,47176940,2004-04-26,F,matthew34@example.com,959192801
956,Lisa,Davis,84356107,1988-07-10,F,robinsonleah@example.org,922442394
957,Dana,Miller,47356551,1961-01-27,F,imoore@example.net,932705467
958,Diana,Payne,69458614,1952-01-01,F,martinezbrandon@example.org,984175645
959,Theresa,Anderson,28089683,1988-05-11,M,foxwilliam@example.net,955758755
960,William,Collins,10427376,2003-10-02,M,dennis64@example.net,902221107
961,Amber,Mcgee,72016950,1995-05-10,F,richardwilliams@example.com,976064372
962,Maria,Garrett,69986576,1997-07-05,M,carterjaime@example.org,900130077
963,Tiffany,Norris,74977125,1988-11-04,F,sroberts@example.net,953225916
964,Raymond,Lane,80215190,1940-09-15,F,brendaburgess@example.com,958100734
965,Rachel,Rodgers,34280205,2003-07-02,M,christopherwilson@example.com,976570197
966,Erika,Lozano,61009379,1998-07-13,M,wilsonraymond@example.com,994513440
967,Christian,Reynolds,78809285,1965-11-14,F,psimpson@example.com,914916003
968,Michael,Hernandez,23480699,1985-02-03,F,coopermichael@example.net,908306687
969,Jason,Clark,18050305,1998-05-06,M,eedwards@example.com,980784586
970,Harold,Wise,50730488,1956-09-01,F,deborah89@example.org,995200856
971,Jeanette,Brown,48742735,1972-05-12,F,danielleburns@example.net,960079194
972,Theresa,Hernandez,78126851,1953-10-05,F,ghale@example.net,991807728
973,Stephanie,Hall,42190459,1948-09-16,M,edwardstanya@example.org,926407141
974,Kimberly,Walker,90740015,1944-03-08,F,theresa14@example.com,949656440
975,Daniel,Molina,50077846,1942-10-31,F,fnolan@example.org,925689877
976,Anthony,Moore,70043903,1976-11-17,F,richardboyer@example.net,955675586
977,Tamara,Duran,51662971,1959-09-18,F,obarrett@example.org,903834973
978,Jennifer,Hendricks,37763918,2001-03-11,F,boydjohn@example.org,905958022
979,Brian,Miller,54639123,1970-05-28,M,paulgarrett@example.org,998184225
980,Michelle,Evans,91551726,1990-11-27,F,lcampbell@example.com,997723607
981,April,Jones,56575109,1955-01-27,F,bowmanmitchell@example.net,923970343
982,Miguel,Hatfield,51792014,1974-10-14,F,jared41@example.net,959409137
983,Miranda,Thomas,10177542,1945-06-04,M,duaneswanson@example.org,989854044
984,Manuel,Stephens,15621541,1962-04-10,M,lisa65@example.net,929132696
985,Diana,Gonzalez,94696807,1986-10-03,F,meltontamara@example.org,906426162
986,Jessica,Wells,35229887,1983-11-05,F,steve12@example.net,903932130
987,Vincent,Conley,64003167,1990-02-11,F,katrina91@example.net,949599775
988,Joyce,Reid,30885516,1986-07-18,M,jacobparks@example.net,990154354
989,Rachel,Houston,74798124,1974-05-03,F,carlyyoung@example.com,964344746
990,Wendy,Patrick,56523563,1958-01-04,M,robert13@example.com,929371974
991,Alexandria,Perez,42475984,1954-02-04,M,walterstammy@example.com,910195018
992,Tracey,Murray,37277498,1977-11-05,F,huberlori@example.net,904929816
993,Rachel,Clark,66050301,1941-05-15,F,kanekyle@example.org,918233590
994,Kimberly,Martinez,52780286,1998-02-02,M,katelyn32@example.net,932448858
995,Nicole,Reynolds,38419145,1970-10-09,M,osmith@example.org,997619593
996,Andrew,Vasquez,13932856,1964-05-03,M,omiller@example.org,955924078
997,Roberta,Ramirez,23828741,2002-02-03,F,ghull@example.com,903347933
998,Chase,Jackson,26571367,1986-09-14,F,makaylaray@example.net,921121525
999,Mary,Day,94954757,1950-01-05,M,mitchellpatricia@example.org,940994482
1000,Laurie,Bowers,34103800,1983-12-21,M,nperez@example.org,987366499
